Train Caffe Model Done,,,,
/home/ubuntu/ImageDB_400_200/TF_Level0_Level3_4/Level0_/169_left. ,Level4  ,85.600%,Level0  ,14.400%
/home/ubuntu/ImageDB_400_200/TF_Level0_Level3_4/Level0_/1596_right. ,Level4  ,79.3700%,Level0  ,20.6300%
/home/ubuntu/ImageDB_400_200/TF_Level0_Level3_4/Level0_/115_left. ,Level4  ,74.9300%,Level0  ,25.0700%
/home/ubuntu/ImageDB_400_200/TF_Level0_Level3_4/Level0_/1123_right. ,Level4  ,61.6400%,Level0  ,38.3600%
/home/ubuntu/ImageDB_400_200/TF_Level0_Level3_4/Level0_/1514_right. ,Level4  ,81.6900%,Level0  ,18.3100%
/home/ubuntu/ImageDB_400_200/TF_Level0_Level3_4/Level0_/179_left. ,Level4  ,69.5800%,Level0  ,30.4200%
/home/ubuntu/ImageDB_400_200/TF_Level0_Level3_4/Level0_/1144_right. ,Level4  ,56.4400%,Level0  ,43.5600%
/home/ubuntu/ImageDB_400_200/TF_Level0_Level3_4/Level0_/1348_right. ,Level4  ,81.4800%,Level0  ,18.5200%
/home/ubuntu/ImageDB_400_200/TF_Level0_Level3_4/Level0_/17_left. ,Level0  ,53.1600%,Level4  ,46.8400%
/home/ubuntu/ImageDB_400_200/TF_Level0_Level3_4/Level0_/1418_right. ,Level0  ,69.6700%,Level4  ,30.3300%
/home/ubuntu/ImageDB_400_200/TF_Level0_Level3_4/Level0_/1579_left. ,Level0  ,50.9800%,Level4  ,49.0200%
/home/ubuntu/ImageDB_400_200/TF_Level0_Level3_4/Level0_/1161_right. ,Level4  ,73.500%,Level0  ,26.500%
/home/ubuntu/ImageDB_400_200/TF_Level0_Level3_4/Level0_/1292_right. ,Level0  ,55.6100%,Level4  ,44.3900%
/home/ubuntu/ImageDB_400_200/TF_Level0_Level3_4/Level0_/122_right. ,Level4  ,62.9400%,Level0  ,37.0600%
/home/ubuntu/ImageDB_400_200/TF_Level0_Level3_4/Level0_/1242_right. ,Level0  ,52.4800%,Level4  ,47.5200%
/home/ubuntu/ImageDB_400_200/TF_Level0_Level3_4/Level0_/1609_right. ,Level4  ,77.4200%,Level0  ,22.5800%
/home/ubuntu/ImageDB_400_200/TF_Level0_Level3_4/Level0_/1610_left. ,Level4  ,85.600%,Level0  ,14.400%
/home/ubuntu/ImageDB_400_200/TF_Level0_Level3_4/Level0_/1073_right. ,Level4  ,79.3700%,Level0  ,20.6300%
/home/ubuntu/ImageDB_400_200/TF_Level0_Level3_4/Level0_/1135_right. ,Level4  ,74.9300%,Level0  ,25.0700%
/home/ubuntu/ImageDB_400_200/TF_Level0_Level3_4/Level0_/1387_right. ,Level4  ,61.6400%,Level0  ,38.3600%
/home/ubuntu/ImageDB_400_200/TF_Level0_Level3_4/Level0_/1478_right. ,Level4  ,81.6900%,Level0  ,18.3100%
/home/ubuntu/ImageDB_400_200/TF_Level0_Level3_4/Level0_/177_right. ,Level4  ,69.5800%,Level0  ,30.4200%
/home/ubuntu/ImageDB_400_200/TF_Level0_Level3_4/Level0_/1393_right. ,Level4  ,56.4400%,Level0  ,43.5600%
/home/ubuntu/ImageDB_400_200/TF_Level0_Level3_4/Level0_/1088_left. ,Level4  ,81.4800%,Level0  ,18.5200%
/home/ubuntu/ImageDB_400_200/TF_Level0_Level3_4/Level0_/1358_left. ,Level0  ,53.1600%,Level4  ,46.8400%
/home/ubuntu/ImageDB_400_200/TF_Level0_Level3_4/Level0_/1551_left. ,Level0  ,69.6700%,Level4  ,30.3300%
/home/ubuntu/ImageDB_400_200/TF_Level0_Level3_4/Level0_/1395_left. ,Level0  ,50.9800%,Level4  ,49.0200%
/home/ubuntu/ImageDB_400_200/TF_Level0_Level3_4/Level0_/1057_left. ,Level4  ,73.500%,Level0  ,26.500%
/home/ubuntu/ImageDB_400_200/TF_Level0_Level3_4/Level0_/1351_right. ,Level0  ,55.6100%,Level4  ,44.3900%
/home/ubuntu/ImageDB_400_200/TF_Level0_Level3_4/Level0_/1506_left. ,Level4  ,62.9400%,Level0  ,37.0600%
/home/ubuntu/ImageDB_400_200/TF_Level0_Level3_4/Level0_/1363_left. ,Level0  ,52.4800%,Level4  ,47.5200%
/home/ubuntu/ImageDB_400_200/TF_Level0_Level3_4/Level0_/1318_right. ,Level4  ,77.4200%,Level0  ,22.5800%
/home/ubuntu/ImageDB_400_200/TF_Level0_Level3_4/Level0_/1165_left. ,Level0  ,62.6500%,Level4  ,37.3500%
/home/ubuntu/ImageDB_400_200/TF_Level0_Level3_4/Level0_/1058_left. ,Level4  ,75.0200%,Level0  ,24.9800%
/home/ubuntu/ImageDB_400_200/TF_Level0_Level3_4/Level0_/1346_left. ,Level0  ,62.5500%,Level4  ,37.4500%
/home/ubuntu/ImageDB_400_200/TF_Level0_Level3_4/Level0_/1146_left. ,Level4  ,80.8100%,Level0  ,19.1900%
/home/ubuntu/ImageDB_400_200/TF_Level0_Level3_4/Level0_/100_right. ,Level4  ,55.2800%,Level0  ,44.7200%
/home/ubuntu/ImageDB_400_200/TF_Level0_Level3_4/Level0_/1197_right. ,Level4  ,62.3700%,Level0  ,37.6300%
/home/ubuntu/ImageDB_400_200/TF_Level0_Level3_4/Level0_/1334_right. ,Level4  ,57.600%,Level0  ,42.400%
/home/ubuntu/ImageDB_400_200/TF_Level0_Level3_4/Level0_/1226_right. ,Level0  ,69.1900%,Level4  ,30.8100%
/home/ubuntu/ImageDB_400_200/TF_Level0_Level3_4/Level0_/1446_right. ,Level4  ,68.100%,Level0  ,31.900%
/home/ubuntu/ImageDB_400_200/TF_Level0_Level3_4/Level0_/1588_left. ,Level4  ,61.6900%,Level0  ,38.3100%
/home/ubuntu/ImageDB_400_200/TF_Level0_Level3_4/Level0_/1044_right. ,Level0  ,52.5900%,Level4  ,47.4100%
/home/ubuntu/ImageDB_400_200/TF_Level0_Level3_4/Level0_/1378_left. ,Level4  ,51.3600%,Level0  ,48.6400%
/home/ubuntu/ImageDB_400_200/TF_Level0_Level3_4/Level0_/1255_left. ,Level4  ,58.600%,Level0  ,41.400%
/home/ubuntu/ImageDB_400_200/TF_Level0_Level3_4/Level0_/1527_right. ,Level4  ,78.8500%,Level0  ,21.1500%
/home/ubuntu/ImageDB_400_200/TF_Level0_Level3_4/Level0_/1322_right. ,Level4  ,65.1300%,Level0  ,34.8700%
/home/ubuntu/ImageDB_400_200/TF_Level0_Level3_4/Level0_/1305_right. ,Level4  ,73.5100%,Level0  ,26.4900%
/home/ubuntu/ImageDB_400_200/TF_Level0_Level3_4/Level0_/111_right. ,Level4  ,51.4100%,Level0  ,48.5900%
/home/ubuntu/ImageDB_400_200/TF_Level0_Level3_4/Level0_/104_right. ,Level4  ,54.7100%,Level0  ,45.2900%
/home/ubuntu/ImageDB_400_200/TF_Level0_Level3_4/Level0_/1394_right. ,Level4  ,77.7100%,Level0  ,22.2900%
/home/ubuntu/ImageDB_400_200/TF_Level0_Level3_4/Level0_/1492_left. ,Level4  ,71.700%,Level0  ,28.300%
/home/ubuntu/ImageDB_400_200/TF_Level0_Level3_4/Level0_/1027_right. ,Level4  ,79.8500%,Level0  ,20.1500%
/home/ubuntu/ImageDB_400_200/TF_Level0_Level3_4/Level0_/1374_left. ,Level0  ,70.9200%,Level4  ,29.0800%
/home/ubuntu/ImageDB_400_200/TF_Level0_Level3_4/Level0_/1387_left. ,Level4  ,55.4800%,Level0  ,44.5200%
/home/ubuntu/ImageDB_400_200/TF_Level0_Level3_4/Level0_/1399_left. ,Level4  ,60.9100%,Level0  ,39.0900%
/home/ubuntu/ImageDB_400_200/TF_Level0_Level3_4/Level0_/1285_left. ,Level4  ,54.2800%,Level0  ,45.7200%
/home/ubuntu/ImageDB_400_200/TF_Level0_Level3_4/Level0_/1011_left. ,Level4  ,72.8600%,Level0  ,27.1400%
/home/ubuntu/ImageDB_400_200/TF_Level0_Level3_4/Level0_/1378_right. ,Level0  ,57.4400%,Level4  ,42.5600%
/home/ubuntu/ImageDB_400_200/TF_Level0_Level3_4/Level0_/1431_right. ,Level0  ,66.9700%,Level4  ,33.0300%
/home/ubuntu/ImageDB_400_200/TF_Level0_Level3_4/Level0_/1499_right. ,Level0  ,68.5100%,Level4  ,31.4900%
/home/ubuntu/ImageDB_400_200/TF_Level0_Level3_4/Level0_/1282_right. ,Level0  ,66.800%,Level4  ,33.200%
/home/ubuntu/ImageDB_400_200/TF_Level0_Level3_4/Level0_/1574_left. ,Level0  ,66.2100%,Level4  ,33.7900%
/home/ubuntu/ImageDB_400_200/TF_Level0_Level3_4/Level0_/1349_right. ,Level0  ,55.4600%,Level4  ,44.5400%
/home/ubuntu/ImageDB_400_200/TF_Level0_Level3_4/Level0_/1188_left. ,Level0  ,59.1600%,Level4  ,40.8400%
/home/ubuntu/ImageDB_400_200/TF_Level0_Level3_4/Level0_/1306_right. ,Level0  ,56.3800%,Level4  ,43.6200%
/home/ubuntu/ImageDB_400_200/TF_Level0_Level3_4/Level0_/1502_right. ,Level0  ,69.9800%,Level4  ,30.0200%
/home/ubuntu/ImageDB_400_200/TF_Level0_Level3_4/Level0_/1492_right. ,Level4  ,71.3500%,Level0  ,28.6500%
/home/ubuntu/ImageDB_400_200/TF_Level0_Level3_4/Level0_/104_left. ,Level0  ,54.6500%,Level4  ,45.3500%
/home/ubuntu/ImageDB_400_200/TF_Level0_Level3_4/Level0_/1431_left. ,Level0  ,65.1400%,Level4  ,34.8600%
/home/ubuntu/ImageDB_400_200/TF_Level0_Level3_4/Level0_/1182_left. ,Level4  ,66.9600%,Level0  ,33.0400%
/home/ubuntu/ImageDB_400_200/TF_Level0_Level3_4/Level0_/1305_left. ,Level0  ,50.0600%,Level4  ,49.9400%
/home/ubuntu/ImageDB_400_200/TF_Level0_Level3_4/Level0_/1059_left. ,Level4  ,53.9500%,Level0  ,46.0500%
/home/ubuntu/ImageDB_400_200/TF_Level0_Level3_4/Level0_/1330_right. ,Level4  ,68.3400%,Level0  ,31.6600%
/home/ubuntu/ImageDB_400_200/TF_Level0_Level3_4/Level0_/111_left. ,Level0  ,58.300%,Level4  ,41.700%
/home/ubuntu/ImageDB_400_200/TF_Level0_Level3_4/Level0_/1377_left. ,Level0  ,72.8300%,Level4  ,27.1700%
/home/ubuntu/ImageDB_400_200/TF_Level0_Level3_4/Level0_/1524_right. ,Level4  ,64.6700%,Level0  ,35.3300%
/home/ubuntu/ImageDB_400_200/TF_Level0_Level3_4/Level0_/1211_left. ,Level4  ,69.3700%,Level0  ,30.6300%
/home/ubuntu/ImageDB_400_200/TF_Level0_Level3_4/Level0_/1152_left. ,Level0  ,61.3700%,Level4  ,38.6300%
/home/ubuntu/ImageDB_400_200/TF_Level0_Level3_4/Level0_/1059_right. ,Level4  ,69.9500%,Level0  ,30.0500%
/home/ubuntu/ImageDB_400_200/TF_Level0_Level3_4/Level0_/1040_left. ,Level0  ,53.7300%,Level4  ,46.2700%
/home/ubuntu/ImageDB_400_200/TF_Level0_Level3_4/Level0_/1425_right. ,Level4  ,79.4900%,Level0  ,20.5100%
/home/ubuntu/ImageDB_400_200/TF_Level0_Level3_4/Level0_/1142_left. ,Level4  ,71.8600%,Level0  ,28.1400%
/home/ubuntu/ImageDB_400_200/TF_Level0_Level3_4/Level0_/1336_right. ,Level0  ,51.5900%,Level4  ,48.4100%
/home/ubuntu/ImageDB_400_200/TF_Level0_Level3_4/Level0_/1333_left. ,Level4  ,51.5400%,Level0  ,48.4600%
/home/ubuntu/ImageDB_400_200/TF_Level0_Level3_4/Level0_/1361_right. ,Level0  ,58.2500%,Level4  ,41.7500%
/home/ubuntu/ImageDB_400_200/TF_Level0_Level3_4/Level0_/164_left. ,Level0  ,55.5400%,Level4  ,44.4600%
/home/ubuntu/ImageDB_400_200/TF_Level0_Level3_4/Level0_/156_right. ,Level4  ,86.2100%,Level0  ,13.7900%
/home/ubuntu/ImageDB_400_200/TF_Level0_Level3_4/Level0_/1289_right. ,Level4  ,74.8200%,Level0  ,25.1800%
/home/ubuntu/ImageDB_400_200/TF_Level0_Level3_4/Level0_/140_left. ,Level4  ,91.0700%,Level0  ,8.9300%
/home/ubuntu/ImageDB_400_200/TF_Level0_Level3_4/Level0_/1412_right. ,Level4  ,51.6200%,Level0  ,48.3800%
/home/ubuntu/ImageDB_400_200/TF_Level0_Level3_4/Level0_/1396_right. ,Level0  ,72.300%,Level4  ,27.700%
/home/ubuntu/ImageDB_400_200/TF_Level0_Level3_4/Level0_/13_left. ,Level0  ,67.2400%,Level4  ,32.7600%
/home/ubuntu/ImageDB_400_200/TF_Level0_Level3_4/Level0_/1192_left. ,Level4  ,52.3600%,Level0  ,47.6400%
/home/ubuntu/ImageDB_400_200/TF_Level0_Level3_4/Level0_/170_left. ,Level4  ,81.8700%,Level0  ,18.1300%
/home/ubuntu/ImageDB_400_200/TF_Level0_Level3_4/Level0_/1165_right. ,Level0  ,69.8600%,Level4  ,30.1400%
/home/ubuntu/ImageDB_400_200/TF_Level0_Level3_4/Level0_/1324_left. ,Level4  ,79.9100%,Level0  ,20.0900%
/home/ubuntu/ImageDB_400_200/TF_Level0_Level3_4/Level0_/1260_left. ,Level4  ,52.1200%,Level0  ,47.8800%
/home/ubuntu/ImageDB_400_200/TF_Level0_Level3_4/Level0_/1000_left. ,Level4  ,70.2200%,Level0  ,29.7800%
/home/ubuntu/ImageDB_400_200/TF_Level0_Level3_4/Level0_/190_left. ,Level4  ,67.300%,Level0  ,32.700%
/home/ubuntu/ImageDB_400_200/TF_Level0_Level3_4/Level0_/13_right. ,Level0  ,66.5300%,Level4  ,33.4700%
/home/ubuntu/ImageDB_400_200/TF_Level0_Level3_4/Level0_/1504_right. ,Level4  ,84.5100%,Level0  ,15.4900%
/home/ubuntu/ImageDB_400_200/TF_Level0_Level3_4/Level0_/1161_left. ,Level0  ,71.6400%,Level4  ,28.3600%
/home/ubuntu/ImageDB_400_200/TF_Level0_Level3_4/Level0_/1070_right. ,Level4  ,63.0300%,Level0  ,36.9700%
/home/ubuntu/ImageDB_400_200/TF_Level0_Level3_4/Level0_/1449_right. ,Level4  ,76.7800%,Level0  ,23.2200%
/home/ubuntu/ImageDB_400_200/TF_Level0_Level3_4/Level0_/1306_left. ,Level0  ,53.600%,Level4  ,46.400%
/home/ubuntu/ImageDB_400_200/TF_Level0_Level3_4/Level0_/1388_left. ,Level4  ,57.800%,Level0  ,42.200%
/home/ubuntu/ImageDB_400_200/TF_Level0_Level3_4/Level0_/1370_left. ,Level0  ,65.8300%,Level4  ,34.1700%
/home/ubuntu/ImageDB_400_200/TF_Level0_Level3_4/Level0_/1202_right. ,Level4  ,87.2200%,Level0  ,12.7800%
/home/ubuntu/ImageDB_400_200/TF_Level0_Level3_4/Level0_/194_left. ,Level4  ,60.3700%,Level0  ,39.6300%
/home/ubuntu/ImageDB_400_200/TF_Level0_Level3_4/Level0_/1228_left. ,Level0  ,65.4300%,Level4  ,34.5700%
/home/ubuntu/ImageDB_400_200/TF_Level0_Level3_4/Level0_/1313_left. ,Level4  ,61.8200%,Level0  ,38.1800%
/home/ubuntu/ImageDB_400_200/TF_Level0_Level3_4/Level0_/1481_right. ,Level4  ,78.4400%,Level0  ,21.5600%
/home/ubuntu/ImageDB_400_200/TF_Level0_Level3_4/Level0_/1073_left. ,Level4  ,79.1300%,Level0  ,20.8700%
/home/ubuntu/ImageDB_400_200/TF_Level0_Level3_4/Level0_/1396_left. ,Level0  ,70.5100%,Level4  ,29.4900%
/home/ubuntu/ImageDB_400_200/TF_Level0_Level3_4/Level0_/1480_right. ,Level4  ,77.0500%,Level0  ,22.9500%
/home/ubuntu/ImageDB_400_200/TF_Level0_Level3_4/Level0_/1312_right. ,Level0  ,55.500%,Level4  ,44.500%
/home/ubuntu/ImageDB_400_200/TF_Level0_Level3_4/Level0_/167_left. ,Level0  ,69.7800%,Level4  ,30.2200%
/home/ubuntu/ImageDB_400_200/TF_Level0_Level3_4/Level0_/1610_right. ,Level4  ,86.5500%,Level0  ,13.4500%
/home/ubuntu/ImageDB_400_200/TF_Level0_Level3_4/Level0_/1269_right. ,Level0  ,60.7100%,Level4  ,39.2900%
/home/ubuntu/ImageDB_400_200/TF_Level0_Level3_4/Level0_/1493_left. ,Level4  ,78.6700%,Level0  ,21.3300%
/home/ubuntu/ImageDB_400_200/TF_Level0_Level3_4/Level0_/1242_left. ,Level4  ,84.0500%,Level0  ,15.9500%
/home/ubuntu/ImageDB_400_200/TF_Level0_Level3_4/Level0_/108_right. ,Level4  ,51.1300%,Level0  ,48.8700%
/home/ubuntu/ImageDB_400_200/TF_Level0_Level3_4/Level0_/1058_right. ,Level0  ,57.2500%,Level4  ,42.7500%
/home/ubuntu/ImageDB_400_200/TF_Level0_Level3_4/Level0_/1197_left. ,Level4  ,60.6300%,Level0  ,39.3700%
/home/ubuntu/ImageDB_400_200/TF_Level0_Level3_4/Level0_/1294_left. ,Level4  ,55.0600%,Level0  ,44.9400%
/home/ubuntu/ImageDB_400_200/TF_Level0_Level3_4/Level0_/1024_right. ,Level4  ,76.4600%,Level0  ,23.5400%
/home/ubuntu/ImageDB_400_200/TF_Level0_Level3_4/Level0_/1454_right. ,Level4  ,55.9500%,Level0  ,44.0500%
/home/ubuntu/ImageDB_400_200/TF_Level0_Level3_4/Level0_/1589_left. ,Level4  ,82.1300%,Level0  ,17.8700%
/home/ubuntu/ImageDB_400_200/TF_Level0_Level3_4/Level0_/1292_left. ,Level4  ,62.0800%,Level0  ,37.9200%
/home/ubuntu/ImageDB_400_200/TF_Level0_Level3_4/Level0_/1096_right. ,Level0  ,62.0200%,Level4  ,37.9800%
/home/ubuntu/ImageDB_400_200/TF_Level0_Level3_4/Level0_/1586_left. ,Level0  ,70.0600%,Level4  ,29.9400%
/home/ubuntu/ImageDB_400_200/TF_Level0_Level3_4/Level0_/1075_right. ,Level4  ,80.3500%,Level0  ,19.6500%
/home/ubuntu/ImageDB_400_200/TF_Level0_Level3_4/Level0_/1361_left. ,Level4  ,62.4700%,Level0  ,37.5300%
/home/ubuntu/ImageDB_400_200/TF_Level0_Level3_4/Level0_/1507_left. ,Level4  ,94.900%,Level0  ,5.100%
/home/ubuntu/ImageDB_400_200/TF_Level0_Level3_4/Level0_/1348_left. ,Level4  ,78.7100%,Level0  ,21.2900%
/home/ubuntu/ImageDB_400_200/TF_Level0_Level3_4/Level0_/1309_right. ,Level4  ,58.0500%,Level0  ,41.9500%
/home/ubuntu/ImageDB_400_200/TF_Level0_Level3_4/Level0_/1595_right. ,Level0  ,53.9800%,Level4  ,46.0200%
/home/ubuntu/ImageDB_400_200/TF_Level0_Level3_4/Level0_/1119_left. ,Level4  ,65.2300%,Level0  ,34.7700%
/home/ubuntu/ImageDB_400_200/TF_Level0_Level3_4/Level0_/1144_left. ,Level0  ,68.0500%,Level4  ,31.9500%
/home/ubuntu/ImageDB_400_200/TF_Level0_Level3_4/Level0_/1012_left. ,Level4  ,61.5300%,Level0  ,38.4700%
/home/ubuntu/ImageDB_400_200/TF_Level0_Level3_4/Level0_/1297_left. ,Level4  ,59.3700%,Level0  ,40.6300%
/home/ubuntu/ImageDB_400_200/TF_Level0_Level3_4/Level0_/1123_left. ,Level4  ,64.1100%,Level0  ,35.8900%
/home/ubuntu/ImageDB_400_200/TF_Level0_Level3_4/Level0_/1424_right. ,Level4  ,63.3600%,Level0  ,36.6400%
/home/ubuntu/ImageDB_400_200/TF_Level0_Level3_4/Level0_/1316_left. ,Level4  ,81.00%,Level0  ,19.00%
/home/ubuntu/ImageDB_400_200/TF_Level0_Level3_4/Level0_/1429_right. ,Level4  ,54.2400%,Level0  ,45.7600%
/home/ubuntu/ImageDB_400_200/TF_Level0_Level3_4/Level0_/1532_right. ,Level4  ,85.3600%,Level0  ,14.6400%
/home/ubuntu/ImageDB_400_200/TF_Level0_Level3_4/Level0_/1526_right. ,Level0  ,65.4900%,Level4  ,34.5100%
/home/ubuntu/ImageDB_400_200/TF_Level0_Level3_4/Level0_/1000_right. ,Level4  ,65.1900%,Level0  ,34.8100%
/home/ubuntu/ImageDB_400_200/TF_Level0_Level3_4/Level0_/1563_right. ,Level0  ,65.9100%,Level4  ,34.0900%
/home/ubuntu/ImageDB_400_200/TF_Level0_Level3_4/Level0_/1051_right. ,Level4  ,54.8400%,Level0  ,45.1600%
/home/ubuntu/ImageDB_400_200/TF_Level0_Level3_4/Level0_/1373_right. ,Level0  ,55.2400%,Level4  ,44.7600%
/home/ubuntu/ImageDB_400_200/TF_Level0_Level3_4/Level0_/1047_left. ,Level4  ,85.2800%,Level0  ,14.7200%
/home/ubuntu/ImageDB_400_200/TF_Level0_Level3_4/Level0_/122_left. ,Level4  ,52.0200%,Level0  ,47.9800%
/home/ubuntu/ImageDB_400_200/TF_Level0_Level3_4/Level0_/102_right. ,Level4  ,59.0700%,Level0  ,40.9300%
/home/ubuntu/ImageDB_400_200/TF_Level0_Level3_4/Level0_/1411_left. ,Level4  ,51.6600%,Level0  ,48.3400%
/home/ubuntu/ImageDB_400_200/TF_Level0_Level3_4/Level0_/1131_left. ,Level4  ,53.7200%,Level0  ,46.2800%
/home/ubuntu/ImageDB_400_200/TF_Level0_Level3_4/Level0_/1269_left. ,Level0  ,60.9200%,Level4  ,39.0800%
/home/ubuntu/ImageDB_400_200/TF_Level0_Level3_4/Level0_/1508_right. ,Level4  ,84.00%,Level0  ,16.00%
/home/ubuntu/ImageDB_400_200/TF_Level0_Level3_4/Level0_/1353_right. ,Level4  ,72.2500%,Level0  ,27.7500%
/home/ubuntu/ImageDB_400_200/TF_Level0_Level3_4/Level0_/1275_left. ,Level4  ,81.1900%,Level0  ,18.8100%
/home/ubuntu/ImageDB_400_200/TF_Level0_Level3_4/Level0_/1332_right. ,Level4  ,60.7700%,Level0  ,39.2300%
/home/ubuntu/ImageDB_400_200/TF_Level0_Level3_4/Level0_/1047_right. ,Level4  ,81.1400%,Level0  ,18.8600%
/home/ubuntu/ImageDB_400_200/TF_Level0_Level3_4/Level0_/1393_left. ,Level4  ,74.7200%,Level0  ,25.2800%
/home/ubuntu/ImageDB_400_200/TF_Level0_Level3_4/Level0_/1240_left. ,Level4  ,64.2400%,Level0  ,35.7600%
/home/ubuntu/ImageDB_400_200/TF_Level0_Level3_4/Level0_/1267_right. ,Level0  ,63.0200%,Level4  ,36.9800%
/home/ubuntu/ImageDB_400_200/TF_Level0_Level3_4/Level0_/1505_right. ,Level0  ,54.3400%,Level4  ,45.6600%
/home/ubuntu/ImageDB_400_200/TF_Level0_Level3_4/Level0_/125_left. ,Level4  ,56.300%,Level0  ,43.700%
/home/ubuntu/ImageDB_400_200/TF_Level0_Level3_4/Level0_/1188_right. ,Level4  ,82.400%,Level0  ,17.600%
/home/ubuntu/ImageDB_400_200/TF_Level0_Level3_4/Level0_/174_right. ,Level4  ,90.5700%,Level0  ,9.4300%
/home/ubuntu/ImageDB_400_200/TF_Level0_Level3_4/Level0_/117_left. ,Level4  ,81.7600%,Level0  ,18.2400%
/home/ubuntu/ImageDB_400_200/TF_Level0_Level3_4/Level0_/1302_left. ,Level0  ,52.9500%,Level4  ,47.0500%
/home/ubuntu/ImageDB_400_200/TF_Level0_Level3_4/Level0_/1427_right. ,Level4  ,75.6700%,Level0  ,24.3300%
/home/ubuntu/ImageDB_400_200/TF_Level0_Level3_4/Level0_/1596_left. ,Level4  ,57.7800%,Level0  ,42.2200%
/home/ubuntu/ImageDB_400_200/TF_Level0_Level3_4/Level0_/1136_right. ,Level4  ,88.5100%,Level0  ,11.4900%
/home/ubuntu/ImageDB_400_200/TF_Level0_Level3_4/Level0_/1289_left. ,Level4  ,71.8800%,Level0  ,28.1200%
/home/ubuntu/ImageDB_400_200/TF_Level0_Level3_4/Level0_/161_left. ,Level4  ,53.3200%,Level0  ,46.6800%
/home/ubuntu/ImageDB_400_200/TF_Level0_Level3_4/Level0_/1146_right. ,Level4  ,87.1100%,Level0  ,12.8900%
/home/ubuntu/ImageDB_400_200/TF_Level0_Level3_4/Level0_/174_left. ,Level4  ,70.3300%,Level0  ,29.6700%
/home/ubuntu/ImageDB_400_200/TF_Level0_Level3_4/Level0_/119_right. ,Level4  ,61.8700%,Level0  ,38.1300%
/home/ubuntu/ImageDB_400_200/TF_Level0_Level3_4/Level0_/1313_right. ,Level4  ,62.3300%,Level0  ,37.6700%
/home/ubuntu/ImageDB_400_200/TF_Level0_Level3_4/Level0_/1551_right. ,Level0  ,68.6600%,Level4  ,31.3400%
/home/ubuntu/ImageDB_400_200/TF_Level0_Level3_4/Level0_/1272_right. ,Level4  ,53.7600%,Level0  ,46.2400%
/home/ubuntu/ImageDB_400_200/TF_Level0_Level3_4/Level0_/10_left. ,Level0  ,52.2200%,Level4  ,47.7800%
/home/ubuntu/ImageDB_400_200/TF_Level0_Level3_4/Level0_/115_right. ,Level4  ,59.1900%,Level0  ,40.8100%
/home/ubuntu/ImageDB_400_200/TF_Level0_Level3_4/Level0_/1037_left. ,Level4  ,66.5200%,Level0  ,33.4800%
/home/ubuntu/ImageDB_400_200/TF_Level0_Level3_4/Level0_/1093_left. ,Level4  ,52.4500%,Level0  ,47.5500%
/home/ubuntu/ImageDB_400_200/TF_Level0_Level3_4/Level0_/140_right. ,Level4  ,91.0100%,Level0  ,8.9900%
/home/ubuntu/ImageDB_400_200/TF_Level0_Level3_4/Level0_/1550_left. ,Level0  ,62.9100%,Level4  ,37.0900%
/home/ubuntu/ImageDB_400_200/TF_Level0_Level3_4/Level0_/1513_right. ,Level4  ,83.7300%,Level0  ,16.2700%
/home/ubuntu/ImageDB_400_200/TF_Level0_Level3_4/Level0_/1212_left. ,Level4  ,77.9200%,Level0  ,22.0800%
/home/ubuntu/ImageDB_400_200/TF_Level0_Level3_4/Level0_/1102_left. ,Level4  ,59.1800%,Level0  ,40.8200%
/home/ubuntu/ImageDB_400_200/TF_Level0_Level3_4/Level0_/1446_left. ,Level4  ,50.8300%,Level0  ,49.1700%
/home/ubuntu/ImageDB_400_200/TF_Level0_Level3_4/Level0_/1061_right. ,Level0  ,68.6400%,Level4  ,31.3600%
/home/ubuntu/ImageDB_400_200/TF_Level0_Level3_4/Level0_/167_right. ,Level0  ,68.4200%,Level4  ,31.5800%
/home/ubuntu/ImageDB_400_200/TF_Level0_Level3_4/Level0_/1113_left. ,Level0  ,59.3300%,Level4  ,40.6700%
/home/ubuntu/ImageDB_400_200/TF_Level0_Level3_4/Level0_/1041_left. ,Level4  ,55.7100%,Level0  ,44.2900%
/home/ubuntu/ImageDB_400_200/TF_Level0_Level3_4/Level0_/1029_left. ,Level0  ,66.1500%,Level4  ,33.8500%
/home/ubuntu/ImageDB_400_200/TF_Level0_Level3_4/Level0_/1212_right. ,Level4  ,81.4500%,Level0  ,18.5500%
/home/ubuntu/ImageDB_400_200/TF_Level0_Level3_4/Level0_/1042_left. ,Level0  ,63.00%,Level4  ,37.00%
/home/ubuntu/ImageDB_400_200/TF_Level0_Level3_4/Level0_/108_left. ,Level0  ,62.3400%,Level4  ,37.6600%
/home/ubuntu/ImageDB_400_200/TF_Level0_Level3_4/Level0_/1449_left. ,Level4  ,87.3800%,Level0  ,12.6200%
/home/ubuntu/ImageDB_400_200/TF_Level0_Level3_4/Level0_/149_left. ,Level0  ,67.300%,Level4  ,32.700%
/home/ubuntu/ImageDB_400_200/TF_Level0_Level3_4/Level0_/1357_right. ,Level4  ,85.3400%,Level0  ,14.6600%
/home/ubuntu/ImageDB_400_200/TF_Level0_Level3_4/Level0_/1516_left. ,Level4  ,53.0400%,Level0  ,46.9600%
/home/ubuntu/ImageDB_400_200/TF_Level0_Level3_4/Level0_/177_left. ,Level4  ,70.6300%,Level0  ,29.3700%
/home/ubuntu/ImageDB_400_200/TF_Level0_Level3_4/Level0_/1211_right. ,Level4  ,75.0800%,Level0  ,24.9200%
/home/ubuntu/ImageDB_400_200/TF_Level0_Level3_4/Level0_/1180_left. ,Level4  ,55.300%,Level0  ,44.700%
/home/ubuntu/ImageDB_400_200/TF_Level0_Level3_4/Level0_/1299_right. ,Level4  ,55.6900%,Level0  ,44.3100%
/home/ubuntu/ImageDB_400_200/TF_Level0_Level3_4/Level0_/1422_right. ,Level4  ,82.6500%,Level0  ,17.3500%
/home/ubuntu/ImageDB_400_200/TF_Level0_Level3_4/Level0_/102_left. ,Level4  ,58.2800%,Level0  ,41.7200%
/home/ubuntu/ImageDB_400_200/TF_Level0_Level3_4/Level0_/1506_right. ,Level4  ,81.8300%,Level0  ,18.1700%
/home/ubuntu/ImageDB_400_200/TF_Level0_Level3_4/Level0_/159_right. ,Level0  ,52.7500%,Level4  ,47.2500%
/home/ubuntu/ImageDB_400_200/TF_Level0_Level3_4/Level0_/1297_right. ,Level4  ,56.1800%,Level0  ,43.8200%
/home/ubuntu/ImageDB_400_200/TF_Level0_Level3_4/Level0_/1056_right. ,Level4  ,59.6900%,Level0  ,40.3100%
/home/ubuntu/ImageDB_400_200/TF_Level0_Level3_4/Level0_/1356_right. ,Level4  ,61.400%,Level0  ,38.600%
/home/ubuntu/ImageDB_400_200/TF_Level0_Level3_4/Level0_/1096_left. ,Level0  ,58.4200%,Level4  ,41.5800%
/home/ubuntu/ImageDB_400_200/TF_Level0_Level3_4/Level0_/1318_left. ,Level4  ,77.400%,Level0  ,22.600%
/home/ubuntu/ImageDB_400_200/TF_Level0_Level3_4/Level0_/1139_right. ,Level4  ,82.2400%,Level0  ,17.7600%
/home/ubuntu/ImageDB_400_200/TF_Level0_Level3_4/Level0_/1041_right. ,Level4  ,52.7600%,Level0  ,47.2400%
/home/ubuntu/ImageDB_400_200/TF_Level0_Level3_4/Level0_/1312_left. ,Level0  ,59.7300%,Level4  ,40.2700%
/home/ubuntu/ImageDB_400_200/TF_Level0_Level3_4/Level0_/1092_left. ,Level4  ,58.4400%,Level0  ,41.5600%
/home/ubuntu/ImageDB_400_200/TF_Level0_Level3_4/Level0_/1012_right. ,Level4  ,57.2700%,Level0  ,42.7300%
/home/ubuntu/ImageDB_400_200/TF_Level0_Level3_4/Level0_/1528_right. ,Level0  ,58.7600%,Level4  ,41.2400%
/home/ubuntu/ImageDB_400_200/TF_Level0_Level3_4/Level0_/1021_right. ,Level0  ,63.6600%,Level4  ,36.3400%
/home/ubuntu/ImageDB_400_200/TF_Level0_Level3_4/Level0_/1202_left. ,Level4  ,62.8900%,Level0  ,37.1100%
/home/ubuntu/ImageDB_400_200/TF_Level0_Level3_4/Level0_/117_right. ,Level4  ,58.0100%,Level0  ,41.9900%
/home/ubuntu/ImageDB_400_200/TF_Level0_Level3_4/Level0_/1070_left. ,Level4  ,60.6800%,Level0  ,39.3200%
/home/ubuntu/ImageDB_400_200/TF_Level0_Level3_4/Level0_/1277_right. ,Level4  ,72.4700%,Level0  ,27.5300%
/home/ubuntu/ImageDB_400_200/TF_Level0_Level3_4/Level0_/125_right. ,Level0  ,52.5200%,Level4  ,47.4800%
/home/ubuntu/ImageDB_400_200/TF_Level0_Level3_4/Level0_/1509_left. ,Level4  ,59.6900%,Level0  ,40.3100%
/home/ubuntu/ImageDB_400_200/TF_Level0_Level3_4/Level0_/1399_right. ,Level4  ,73.4600%,Level0  ,26.5400%
/home/ubuntu/ImageDB_400_200/TF_Level0_Level3_4/Level0_/1222_left. ,Level4  ,69.1800%,Level0  ,30.8200%
/home/ubuntu/ImageDB_400_200/TF_Level0_Level3_4/Level0_/1528_left. ,Level0  ,57.7100%,Level4  ,42.2900%
/home/ubuntu/ImageDB_400_200/TF_Level0_Level3_4/Level0_/1373_left. ,Level0  ,53.3700%,Level4  ,46.6300%
/home/ubuntu/ImageDB_400_200/TF_Level0_Level3_4/Level0_/1516_right. ,Level4  ,82.400%,Level0  ,17.600%
/home/ubuntu/ImageDB_400_200/TF_Level0_Level3_4/Level0_/1357_left. ,Level4  ,85.2200%,Level0  ,14.7800%
/home/ubuntu/ImageDB_400_200/TF_Level0_Level3_4/Level0_/1418_left. ,Level4  ,78.1100%,Level0  ,21.8900%
/home/ubuntu/ImageDB_400_200/TF_Level0_Level3_4/Level0_/1035_left. ,Level4  ,79.0800%,Level0  ,20.9200%
/home/ubuntu/ImageDB_400_200/TF_Level0_Level3_4/Level0_/1513_left. ,Level4  ,57.0900%,Level0  ,42.9100%
/home/ubuntu/ImageDB_400_200/TF_Level0_Level3_4/Level0_/157_left. ,Level0  ,60.7700%,Level4  ,39.2300%
/home/ubuntu/ImageDB_400_200/TF_Level0_Level3_4/Level0_/1424_left. ,Level4  ,66.9700%,Level0  ,33.0300%
/home/ubuntu/ImageDB_400_200/TF_Level0_Level3_4/Level0_/1285_right. ,Level4  ,60.2900%,Level0  ,39.7100%
/home/ubuntu/ImageDB_400_200/TF_Level0_Level3_4/Level0_/1507_right. ,Level4  ,94.7100%,Level0  ,5.2900%
/home/ubuntu/ImageDB_400_200/TF_Level0_Level3_4/Level0_/1272_left. ,Level4  ,57.7800%,Level0  ,42.2200%
/home/ubuntu/ImageDB_400_200/TF_Level0_Level3_4/Level0_/1395_right. ,Level4  ,53.3900%,Level0  ,46.6100%
/home/ubuntu/ImageDB_400_200/TF_Level0_Level3_4/Level0_/145_left. ,Level0  ,50.4600%,Level4  ,49.5400%
/home/ubuntu/ImageDB_400_200/TF_Level0_Level3_4/Level0_/1055_left. ,Level0  ,67.1900%,Level4  ,32.8100%
/home/ubuntu/ImageDB_400_200/TF_Level0_Level3_4/Level0_/164_right. ,Level0  ,65.200%,Level4  ,34.800%
/home/ubuntu/ImageDB_400_200/TF_Level0_Level3_4/Level0_/1504_left. ,Level4  ,75.1400%,Level0  ,24.8600%
/home/ubuntu/ImageDB_400_200/TF_Level0_Level3_4/Level0_/1283_right. ,Level4  ,56.8400%,Level0  ,43.1600%
/home/ubuntu/ImageDB_400_200/TF_Level0_Level3_4/Level0_/1588_right. ,Level4  ,50.3800%,Level0  ,49.6200%
/home/ubuntu/ImageDB_400_200/TF_Level0_Level3_4/Level0_/1120_right. ,Level4  ,66.9300%,Level0  ,33.0700%
/home/ubuntu/ImageDB_400_200/TF_Level0_Level3_4/Level0_/1481_left. ,Level4  ,72.8100%,Level0  ,27.1900%
/home/ubuntu/ImageDB_400_200/TF_Level0_Level3_4/Level0_/1409_right. ,Level4  ,67.8300%,Level0  ,32.1700%
/home/ubuntu/ImageDB_400_200/TF_Level0_Level3_4/Level0_/1608_right. ,Level4  ,67.7500%,Level0  ,32.2500%
/home/ubuntu/ImageDB_400_200/TF_Level0_Level3_4/Level0_/1172_left. ,Level4  ,71.100%,Level0  ,28.900%
/home/ubuntu/ImageDB_400_200/TF_Level0_Level3_4/Level0_/1182_right. ,Level4  ,64.2400%,Level0  ,35.7600%
/home/ubuntu/ImageDB_400_200/TF_Level0_Level3_4/Level0_/1358_right. ,Level4  ,52.700%,Level0  ,47.300%
/home/ubuntu/ImageDB_400_200/TF_Level0_Level3_4/Level0_/1199_left. ,Level0  ,57.900%,Level4  ,42.100%
/home/ubuntu/ImageDB_400_200/TF_Level0_Level3_4/Level0_/1116_right. ,Level4  ,76.1600%,Level0  ,23.8400%
/home/ubuntu/ImageDB_400_200/TF_Level0_Level3_4/Level0_/1179_right. ,Level0  ,50.8900%,Level4  ,49.1100%
/home/ubuntu/ImageDB_400_200/TF_Level0_Level3_4/Level0_/1222_right. ,Level4  ,85.400%,Level0  ,14.600%
/home/ubuntu/ImageDB_400_200/TF_Level0_Level3_4/Level0_/1333_right. ,Level0  ,53.8400%,Level4  ,46.1600%
/home/ubuntu/ImageDB_400_200/TF_Level0_Level3_4/Level0_/1206_right. ,Level4  ,85.7700%,Level0  ,14.2300%
/home/ubuntu/ImageDB_400_200/TF_Level0_Level3_4/Level0_/1487_right. ,Level4  ,56.4300%,Level0  ,43.5700%
/home/ubuntu/ImageDB_400_200/TF_Level0_Level3_4/Level0_/1170_right. ,Level0  ,61.6200%,Level4  ,38.3800%
/home/ubuntu/ImageDB_400_200/TF_Level0_Level3_4/Level0_/190_right. ,Level4  ,69.5300%,Level0  ,30.4700%
/home/ubuntu/ImageDB_400_200/TF_Level0_Level3_4/Level0_/1172_right. ,Level0  ,53.0400%,Level4  ,46.9600%
/home/ubuntu/ImageDB_400_200/TF_Level0_Level3_4/Level0_/1024_left. ,Level4  ,71.8100%,Level0  ,28.1900%
/home/ubuntu/ImageDB_400_200/TF_Level0_Level3_4/Level0_/1017_left. ,Level4  ,53.8600%,Level0  ,46.1400%
/home/ubuntu/ImageDB_400_200/TF_Level0_Level3_4/Level0_/1147_left. ,Level0  ,59.0600%,Level4  ,40.9400%
/home/ubuntu/ImageDB_400_200/TF_Level0_Level3_4/Level0_/1255_right. ,Level4  ,74.1900%,Level0  ,25.8100%
/home/ubuntu/ImageDB_400_200/TF_Level0_Level3_4/Level0_/1116_left. ,Level4  ,86.500%,Level0  ,13.500%
/home/ubuntu/ImageDB_400_200/TF_Level0_Level3_4/Level0_/1092_right. ,Level0  ,61.5400%,Level4  ,38.4600%
/home/ubuntu/ImageDB_400_200/TF_Level0_Level3_4/Level0_/1609_left. ,Level4  ,66.3700%,Level0  ,33.6300%
/home/ubuntu/ImageDB_400_200/TF_Level0_Level3_4/Level0_/1500_right. ,Level4  ,84.4400%,Level0  ,15.5600%
/home/ubuntu/ImageDB_400_200/TF_Level0_Level3_4/Level0_/1042_right. ,Level0  ,59.8200%,Level4  ,40.1800%
/home/ubuntu/ImageDB_400_200/TF_Level0_Level3_4/Level0_/1408_left. ,Level4  ,61.800%,Level0  ,38.200%
/home/ubuntu/ImageDB_400_200/TF_Level0_Level3_4/Level0_/1228_right. ,Level4  ,69.7100%,Level0  ,30.2900%
/home/ubuntu/ImageDB_400_200/TF_Level0_Level3_4/Level0_/1135_left. ,Level4  ,79.7900%,Level0  ,20.2100%
/home/ubuntu/ImageDB_400_200/TF_Level0_Level3_4/Level0_/119_left. ,Level0  ,57.6900%,Level4  ,42.3100%
/home/ubuntu/ImageDB_400_200/TF_Level0_Level3_4/Level0_/149_right. ,Level0  ,54.00%,Level4  ,46.00%
/home/ubuntu/ImageDB_400_200/TF_Level0_Level3_4/Level0_/1432_right. ,Level4  ,85.100%,Level0  ,14.900%
/home/ubuntu/ImageDB_400_200/TF_Level0_Level3_4/Level0_/1240_right. ,Level4  ,63.4700%,Level0  ,36.5300%
/home/ubuntu/ImageDB_400_200/TF_Level0_Level3_4/Level0_/162_left. ,Level0  ,72.3700%,Level4  ,27.6300%
/home/ubuntu/ImageDB_400_200/TF_Level0_Level3_4/Level0_/1180_right. ,Level4  ,83.8300%,Level0  ,16.1700%
/home/ubuntu/ImageDB_400_200/TF_Level0_Level3_4/Level0_/1127_left. ,Level4  ,67.2200%,Level0  ,32.7800%
/home/ubuntu/ImageDB_400_200/TF_Level0_Level3_4/Level0_/1061_left. ,Level0  ,66.4300%,Level4  ,33.5700%
/home/ubuntu/ImageDB_400_200/TF_Level0_Level3_4/Level0_/1043_right. ,Level4  ,69.4700%,Level0  ,30.5300%
/home/ubuntu/ImageDB_400_200/TF_Level0_Level3_4/Level0_/1179_left. ,Level0  ,58.1400%,Level4  ,41.8600%
/home/ubuntu/ImageDB_400_200/TF_Level0_Level3_4/Level0_/1394_left. ,Level4  ,55.5200%,Level0  ,44.4800%
/home/ubuntu/ImageDB_400_200/TF_Level0_Level3_4/Level0_/1480_left. ,Level4  ,79.0400%,Level0  ,20.9600%
/home/ubuntu/ImageDB_400_200/TF_Level0_Level3_4/Level0_/1076_right. ,Level4  ,80.3500%,Level0  ,19.6500%
/home/ubuntu/ImageDB_400_200/TF_Level0_Level3_4/Level0_/1088_right. ,Level4  ,82.700%,Level0  ,17.300%
/home/ubuntu/ImageDB_400_200/TF_Level0_Level3_4/Level0_/161_right. ,Level4  ,65.8200%,Level0  ,34.1800%
/home/ubuntu/ImageDB_400_200/TF_Level0_Level3_4/Level0_/1267_left. ,Level4  ,51.1700%,Level0  ,48.8300%
/home/ubuntu/ImageDB_400_200/TF_Level0_Level3_4/Level0_/1307_right. ,Level0  ,68.8300%,Level4  ,31.1700%
/home/ubuntu/ImageDB_400_200/TF_Level0_Level3_4/Level0_/1439_right. ,Level4  ,59.7400%,Level0  ,40.2600%
/home/ubuntu/ImageDB_400_200/TF_Level0_Level3_4/Level0_/1370_right. ,Level0  ,63.8700%,Level4  ,36.1300%
/home/ubuntu/ImageDB_400_200/TF_Level0_Level3_4/Level0_/1422_left. ,Level4  ,76.1800%,Level0  ,23.8200%
/home/ubuntu/ImageDB_400_200/TF_Level0_Level3_4/Level0_/1600_right. ,Level0  ,53.300%,Level4  ,46.700%
/home/ubuntu/ImageDB_400_200/TF_Level0_Level3_4/Level0_/1275_right. ,Level4  ,84.2300%,Level0  ,15.7700%
/home/ubuntu/ImageDB_400_200/TF_Level0_Level3_4/Level0_/1055_right. ,Level0  ,65.9600%,Level4  ,34.0400%
/home/ubuntu/ImageDB_400_200/TF_Level0_Level3_4/Level0_/1493_right. ,Level4  ,76.5200%,Level0  ,23.4800%
/home/ubuntu/ImageDB_400_200/TF_Level0_Level3_4/Level0_/1102_right. ,Level4  ,66.200%,Level0  ,33.800%
/home/ubuntu/ImageDB_400_200/TF_Level0_Level3_4/Level0_/194_right. ,Level4  ,83.300%,Level0  ,16.700%
/home/ubuntu/ImageDB_400_200/TF_Level0_Level3_4/Level0_/1502_left. ,Level0  ,71.7300%,Level4  ,28.2700%
/home/ubuntu/ImageDB_400_200/TF_Level0_Level3_4/Level0_/162_right. ,Level0  ,70.5900%,Level4  ,29.4100%
/home/ubuntu/ImageDB_400_200/TF_Level0_Level3_4/Level0_/155_left. ,Level4  ,72.4400%,Level0  ,27.5600%
/home/ubuntu/ImageDB_400_200/TF_Level0_Level3_4/Level0_/1569_right. ,Level4  ,67.4700%,Level0  ,32.5300%
/home/ubuntu/ImageDB_400_200/TF_Level0_Level3_4/Level0_/1427_left. ,Level4  ,71.8700%,Level0  ,28.1300%
/home/ubuntu/ImageDB_400_200/TF_Level0_Level3_4/Level0_/145_right. ,Level0  ,50.7600%,Level4  ,49.2400%
/home/ubuntu/ImageDB_400_200/TF_Level0_Level3_4/Level0_/1307_left. ,Level4  ,80.8500%,Level0  ,19.1500%
/home/ubuntu/ImageDB_400_200/TF_Level0_Level3_4/Level0_/10_right. ,Level4  ,61.9600%,Level0  ,38.0400%
/home/ubuntu/ImageDB_400_200/TF_Level0_Level3_4/Level0_/1356_left. ,Level0  ,52.9500%,Level4  ,47.0500%
/home/ubuntu/ImageDB_400_200/TF_Level0_Level3_4/Level0_/1499_left. ,Level0  ,65.5200%,Level4  ,34.4800%
/home/ubuntu/ImageDB_400_200/TF_Level0_Level3_4/Level0_/1199_right. ,Level0  ,54.4200%,Level4  ,45.5800%
/home/ubuntu/ImageDB_400_200/TF_Level0_Level3_4/Level0_/1011_right. ,Level4  ,84.8700%,Level0  ,15.1300%
/home/ubuntu/ImageDB_400_200/TF_Level0_Level3_4/Level0_/1429_left. ,Level4  ,64.0600%,Level0  ,35.9400%
/home/ubuntu/ImageDB_400_200/TF_Level0_Level3_4/Level0_/1302_right. ,Level4  ,73.4600%,Level0  ,26.5400%
/home/ubuntu/ImageDB_400_200/TF_Level0_Level3_4/Level0_/1524_left. ,Level4  ,70.9300%,Level0  ,29.0700%
/home/ubuntu/ImageDB_400_200/TF_Level0_Level3_4/Level0_/1056_left. ,Level0  ,62.6800%,Level4  ,37.3200%
/home/ubuntu/ImageDB_400_200/TF_Level0_Level3_4/Level0_/1514_left. ,Level4  ,79.2600%,Level0  ,20.7400%
/home/ubuntu/ImageDB_400_200/TF_Level0_Level3_4/Level0_/1557_left. ,Level4  ,83.3800%,Level0  ,16.6200%
/home/ubuntu/ImageDB_400_200/TF_Level0_Level3_4/Level0_/1570_right. ,Level4  ,53.2500%,Level0  ,46.7500%
/home/ubuntu/ImageDB_400_200/TF_Level0_Level3_4/Level0_/1478_left. ,Level4  ,81.4900%,Level0  ,18.5100%
/home/ubuntu/ImageDB_400_200/TF_Level0_Level3_4/Level0_/186_left. ,Level4  ,84.6100%,Level0  ,15.3900%
/home/ubuntu/ImageDB_400_200/TF_Level0_Level3_4/Level0_/1192_right. ,Level4  ,55.9300%,Level0  ,44.0700%
/home/ubuntu/ImageDB_400_200/TF_Level0_Level3_4/Level0_/1346_right. ,Level0  ,53.4900%,Level4  ,46.5100%
/home/ubuntu/ImageDB_400_200/TF_Level0_Level3_4/Level0_/1260_right. ,Level4  ,73.8800%,Level0  ,26.1200%
/home/ubuntu/ImageDB_400_200/TF_Level0_Level3_4/Level0_/1432_left. ,Level4  ,84.7500%,Level0  ,15.2500%
/home/ubuntu/ImageDB_400_200/TF_Level0_Level3_4/Level0_/1595_left. ,Level4  ,57.1800%,Level0  ,42.8200%
/home/ubuntu/ImageDB_400_200/TF_Level0_Level3_4/Level0_/1334_left. ,Level4  ,62.5900%,Level0  ,37.4100%
/home/ubuntu/ImageDB_400_200/TF_Level0_Level3_4/Level0_/1040_right. ,Level0  ,63.4400%,Level4  ,36.5600%
/home/ubuntu/ImageDB_400_200/TF_Level0_Level3_4/Level0_/1363_right. ,Level0  ,58.9100%,Level4  ,41.0900%
/home/ubuntu/ImageDB_400_200/TF_Level0_Level3_4/Level0_/1029_right. ,Level0  ,62.8900%,Level4  ,37.1100%
/home/ubuntu/ImageDB_400_200/TF_Level0_Level3_4/Level0_/1353_left. ,Level4  ,62.3100%,Level0  ,37.6900%
/home/ubuntu/ImageDB_400_200/TF_Level0_Level3_4/Level0_/1347_left. ,Level0  ,67.500%,Level4  ,32.500%
/home/ubuntu/ImageDB_400_200/TF_Level0_Level3_4/Level0_/1052_right. ,Level0  ,63.9900%,Level4  ,36.0100%
/home/ubuntu/ImageDB_400_200/TF_Level0_Level3_4/Level4_/18363_right. ,Level4  ,59.2900%,Level0  ,40.7100%
/home/ubuntu/ImageDB_400_200/TF_Level0_Level3_4/Level4_/18126_right. ,Level4  ,68.0200%,Level0  ,31.9800%
/home/ubuntu/ImageDB_400_200/TF_Level0_Level3_4/Level4_/16392_left. ,Level4  ,82.2700%,Level0  ,17.7300%
/home/ubuntu/ImageDB_400_200/TF_Level0_Level3_4/Level4_/19471_left. ,Level4  ,86.200%,Level0  ,13.800%
/home/ubuntu/ImageDB_400_200/TF_Level0_Level3_4/Level4_/18350_left. ,Level4  ,80.9600%,Level0  ,19.0400%
/home/ubuntu/ImageDB_400_200/TF_Level0_Level3_4/Level4_/11292_right. ,Level4  ,71.9500%,Level0  ,28.0500%
/home/ubuntu/ImageDB_400_200/TF_Level0_Level3_4/Level4_/18126_left. ,Level4  ,65.3800%,Level0  ,34.6200%
/home/ubuntu/ImageDB_400_200/TF_Level0_Level3_4/Level4_/14224_right. ,Level4  ,86.6900%,Level0  ,13.3100%
/home/ubuntu/ImageDB_400_200/TF_Level0_Level3_4/Level4_/12208_left. ,Level4  ,64.3200%,Level0  ,35.6800%
/home/ubuntu/ImageDB_400_200/TF_Level0_Level3_4/Level4_/15376_left. ,Level4  ,81.2500%,Level0  ,18.7500%
/home/ubuntu/ImageDB_400_200/TF_Level0_Level3_4/Level4_/15343_left. ,Level4  ,55.9300%,Level0  ,44.0700%
/home/ubuntu/ImageDB_400_200/TF_Level0_Level3_4/Level4_/13966_left. ,Level4  ,65.0600%,Level0  ,34.9400%
/home/ubuntu/ImageDB_400_200/TF_Level0_Level3_4/Level4_/13716_right. ,Level4  ,68.5400%,Level0  ,31.4600%
/home/ubuntu/ImageDB_400_200/TF_Level0_Level3_4/Level4_/15038_right. ,Level4  ,85.4500%,Level0  ,14.5500%
/home/ubuntu/ImageDB_400_200/TF_Level0_Level3_4/Level4_/11590_right. ,Level0  ,54.6100%,Level4  ,45.3900%
/home/ubuntu/ImageDB_400_200/TF_Level0_Level3_4/Level4_/15870_left. ,Level4  ,57.1200%,Level0  ,42.8800%
/home/ubuntu/ImageDB_400_200/TF_Level0_Level3_4/Level4_/17972_right. ,Level4  ,86.0700%,Level0  ,13.9300%
/home/ubuntu/ImageDB_400_200/TF_Level0_Level3_4/Level4_/14844_left. ,Level4  ,72.900%,Level0  ,27.100%
/home/ubuntu/ImageDB_400_200/TF_Level0_Level3_4/Level4_/18416_right. ,Level4  ,71.0300%,Level0  ,28.9700%
/home/ubuntu/ImageDB_400_200/TF_Level0_Level3_4/Level4_/11031_left. ,Level0  ,61.9100%,Level4  ,38.0900%
/home/ubuntu/ImageDB_400_200/TF_Level0_Level3_4/Level4_/16581_right. ,Level4  ,57.7600%,Level0  ,42.2400%
/home/ubuntu/ImageDB_400_200/TF_Level0_Level3_4/Level4_/10321_left. ,Level4  ,50.5900%,Level0  ,49.4100%
/home/ubuntu/ImageDB_400_200/TF_Level0_Level3_4/Level4_/16920_left. ,Level4  ,79.2400%,Level0  ,20.7600%
/home/ubuntu/ImageDB_400_200/TF_Level0_Level3_4/Level4_/14481_right. ,Level4  ,86.1700%,Level0  ,13.8300%
/home/ubuntu/ImageDB_400_200/TF_Level0_Level3_4/Level4_/13308_right. ,Level4  ,71.1100%,Level0  ,28.8900%
/home/ubuntu/ImageDB_400_200/TF_Level0_Level3_4/Level4_/17114_right. ,Level4  ,85.2100%,Level0  ,14.7900%
/home/ubuntu/ImageDB_400_200/TF_Level0_Level3_4/Level4_/13387_right. ,Level4  ,82.9800%,Level0  ,17.0200%
/home/ubuntu/ImageDB_400_200/TF_Level0_Level3_4/Level4_/18487_left. ,Level0  ,68.2300%,Level4  ,31.7700%
/home/ubuntu/ImageDB_400_200/TF_Level0_Level3_4/Level4_/16374_right. ,Level0  ,58.5400%,Level4  ,41.4600%
/home/ubuntu/ImageDB_400_200/TF_Level0_Level3_4/Level4_/17426_left. ,Level4  ,61.1800%,Level0  ,38.8200%
/home/ubuntu/ImageDB_400_200/TF_Level0_Level3_4/Level4_/1663_right. ,Level4  ,81.9100%,Level0  ,18.0900%
/home/ubuntu/ImageDB_400_200/TF_Level0_Level3_4/Level4_/16046_right. ,Level0  ,52.6800%,Level4  ,47.3200%
/home/ubuntu/ImageDB_400_200/TF_Level0_Level3_4/Level4_/12108_left. ,Level0  ,58.9600%,Level4  ,41.0400%
/home/ubuntu/ImageDB_400_200/TF_Level0_Level3_4/Level4_/10570_right. ,Level0  ,55.1600%,Level4  ,44.8400%
/home/ubuntu/ImageDB_400_200/TF_Level0_Level3_4/Level4_/11697_right. ,Level4  ,81.2200%,Level0  ,18.7800%
/home/ubuntu/ImageDB_400_200/TF_Level0_Level3_4/Level4_/15631_right. ,Level4  ,68.2700%,Level0  ,31.7300%
/home/ubuntu/ImageDB_400_200/TF_Level0_Level3_4/Level4_/16007_right. ,Level4  ,66.4300%,Level0  ,33.5700%
/home/ubuntu/ImageDB_400_200/TF_Level0_Level3_4/Level4_/17992_right. ,Level4  ,84.6100%,Level0  ,15.3900%
/home/ubuntu/ImageDB_400_200/TF_Level0_Level3_4/Level4_/19485_right. ,Level4  ,75.0200%,Level0  ,24.9800%
/home/ubuntu/ImageDB_400_200/TF_Level0_Level3_4/Level4_/14466_right. ,Level4  ,84.800%,Level0  ,15.200%
/home/ubuntu/ImageDB_400_200/TF_Level0_Level3_4/Level4_/13664_left. ,Level4  ,64.8100%,Level0  ,35.1900%
/home/ubuntu/ImageDB_400_200/TF_Level0_Level3_4/Level4_/18803_right. ,Level4  ,55.2800%,Level0  ,44.7200%
/home/ubuntu/ImageDB_400_200/TF_Level0_Level3_4/Level4_/1430_left. ,Level0  ,55.0800%,Level4  ,44.9200%
/home/ubuntu/ImageDB_400_200/TF_Level0_Level3_4/Level4_/19061_left. ,Level4  ,69.3500%,Level0  ,30.6500%
/home/ubuntu/ImageDB_400_200/TF_Level0_Level3_4/Level4_/19471_right. ,Level4  ,85.7100%,Level0  ,14.2900%
/home/ubuntu/ImageDB_400_200/TF_Level0_Level3_4/Level4_/16025_right. ,Level4  ,74.9800%,Level0  ,25.0200%
/home/ubuntu/ImageDB_400_200/TF_Level0_Level3_4/Level4_/12014_left. ,Level4  ,55.500%,Level0  ,44.500%
/home/ubuntu/ImageDB_400_200/TF_Level0_Level3_4/Level4_/16201_left. ,Level4  ,79.2200%,Level0  ,20.7800%
/home/ubuntu/ImageDB_400_200/TF_Level0_Level3_4/Level4_/13588_right. ,Level4  ,70.6100%,Level0  ,29.3900%
/home/ubuntu/ImageDB_400_200/TF_Level0_Level3_4/Level4_/10125_left. ,Level4  ,51.9300%,Level0  ,48.0700%
/home/ubuntu/ImageDB_400_200/TF_Level0_Level3_4/Level4_/1084_right. ,Level4  ,56.7400%,Level0  ,43.2600%
/home/ubuntu/ImageDB_400_200/TF_Level0_Level3_4/Level4_/15114_left. ,Level4  ,87.3100%,Level0  ,12.6900%
/home/ubuntu/ImageDB_400_200/TF_Level0_Level3_4/Level4_/13591_right. ,Level4  ,79.9500%,Level0  ,20.0500%
/home/ubuntu/ImageDB_400_200/TF_Level0_Level3_4/Level4_/18059_right. ,Level4  ,59.800%,Level0  ,40.200%
/home/ubuntu/ImageDB_400_200/TF_Level0_Level3_4/Level4_/17899_right. ,Level0  ,53.0700%,Level4  ,46.9300%
/home/ubuntu/ImageDB_400_200/TF_Level0_Level3_4/Level4_/15459_right. ,Level4  ,75.7600%,Level0  ,24.2400%
/home/ubuntu/ImageDB_400_200/TF_Level0_Level3_4/Level4_/11032_right. ,Level4  ,75.3300%,Level0  ,24.6700%
/home/ubuntu/ImageDB_400_200/TF_Level0_Level3_4/Level4_/10785_right. ,Level4  ,74.2500%,Level0  ,25.7500%
/home/ubuntu/ImageDB_400_200/TF_Level0_Level3_4/Level4_/1941_left. ,Level4  ,87.1800%,Level0  ,12.8200%
/home/ubuntu/ImageDB_400_200/TF_Level0_Level3_4/Level4_/13934_left. ,Level4  ,84.2600%,Level0  ,15.7400%
/home/ubuntu/ImageDB_400_200/TF_Level0_Level3_4/Level4_/15923_right. ,Level4  ,72.7900%,Level0  ,27.2100%
/home/ubuntu/ImageDB_400_200/TF_Level0_Level3_4/Level4_/1350_left. ,Level4  ,61.8500%,Level0  ,38.1500%
/home/ubuntu/ImageDB_400_200/TF_Level0_Level3_4/Level4_/14021_right. ,Level4  ,96.4400%,Level0  ,3.5600%
/home/ubuntu/ImageDB_400_200/TF_Level0_Level3_4/Level4_/14084_right. ,Level4  ,84.9600%,Level0  ,15.0400%
/home/ubuntu/ImageDB_400_200/TF_Level0_Level3_4/Level4_/10606_left. ,Level0  ,59.0700%,Level4  ,40.9300%
/home/ubuntu/ImageDB_400_200/TF_Level0_Level3_4/Level4_/14976_left. ,Level4  ,55.0400%,Level0  ,44.9600%
/home/ubuntu/ImageDB_400_200/TF_Level0_Level3_4/Level4_/17489_left. ,Level4  ,64.0600%,Level0  ,35.9400%
/home/ubuntu/ImageDB_400_200/TF_Level0_Level3_4/Level4_/10819_right. ,Level4  ,77.1500%,Level0  ,22.8500%
/home/ubuntu/ImageDB_400_200/TF_Level0_Level3_4/Level4_/12108_right. ,Level0  ,53.5900%,Level4  ,46.4100%
/home/ubuntu/ImageDB_400_200/TF_Level0_Level3_4/Level4_/16374_left. ,Level4  ,51.6600%,Level0  ,48.3400%
/home/ubuntu/ImageDB_400_200/TF_Level0_Level3_4/Level4_/18450_right. ,Level4  ,69.00%,Level0  ,31.00%
/home/ubuntu/ImageDB_400_200/TF_Level0_Level3_4/Level4_/11546_right. ,Level4  ,61.8500%,Level0  ,38.1500%
/home/ubuntu/ImageDB_400_200/TF_Level0_Level3_4/Level4_/11590_left. ,Level0  ,66.1500%,Level4  ,33.8500%
/home/ubuntu/ImageDB_400_200/TF_Level0_Level3_4/Level4_/15930_right. ,Level4  ,85.700%,Level0  ,14.300%
/home/ubuntu/ImageDB_400_200/TF_Level0_Level3_4/Level4_/10606_right. ,Level0  ,63.4600%,Level4  ,36.5400%
/home/ubuntu/ImageDB_400_200/TF_Level0_Level3_4/Level4_/10047_right. ,Level4  ,60.5200%,Level0  ,39.4800%
/home/ubuntu/ImageDB_400_200/TF_Level0_Level3_4/Level4_/10510_left. ,Level4  ,70.7900%,Level0  ,29.2100%
/home/ubuntu/ImageDB_400_200/TF_Level0_Level3_4/Level4_/1640_left. ,Level4  ,64.8700%,Level0  ,35.1300%
/home/ubuntu/ImageDB_400_200/TF_Level0_Level3_4/Level4_/17843_right. ,Level4  ,69.900%,Level0  ,30.100%
/home/ubuntu/ImageDB_400_200/TF_Level0_Level3_4/Level4_/17669_right. ,Level4  ,64.9900%,Level0  ,35.0100%
/home/ubuntu/ImageDB_400_200/TF_Level0_Level3_4/Level4_/10047_left. ,Level4  ,71.7400%,Level0  ,28.2600%
/home/ubuntu/ImageDB_400_200/TF_Level0_Level3_4/Level4_/15690_left. ,Level4  ,65.3700%,Level0  ,34.6300%
/home/ubuntu/ImageDB_400_200/TF_Level0_Level3_4/Level4_/10017_left. ,Level4  ,72.7500%,Level0  ,27.2500%
/home/ubuntu/ImageDB_400_200/TF_Level0_Level3_4/Level4_/11035_left. ,Level4  ,74.0700%,Level0  ,25.9300%
/home/ubuntu/ImageDB_400_200/TF_Level0_Level3_4/Level4_/17940_right. ,Level4  ,53.6300%,Level0  ,46.3700%
/home/ubuntu/ImageDB_400_200/TF_Level0_Level3_4/Level4_/11730_right. ,Level4  ,58.700%,Level0  ,41.300%
/home/ubuntu/ImageDB_400_200/TF_Level0_Level3_4/Level4_/15930_left. ,Level4  ,83.1500%,Level0  ,16.8500%
/home/ubuntu/ImageDB_400_200/TF_Level0_Level3_4/Level4_/12995_left. ,Level4  ,72.5400%,Level0  ,27.4600%
/home/ubuntu/ImageDB_400_200/TF_Level0_Level3_4/Level4_/12279_left. ,Level4  ,63.9500%,Level0  ,36.0500%
/home/ubuntu/ImageDB_400_200/TF_Level0_Level3_4/Level4_/19116_right. ,Level4  ,65.6600%,Level0  ,34.3400%
/home/ubuntu/ImageDB_400_200/TF_Level0_Level3_4/Level4_/18030_left. ,Level4  ,83.6200%,Level0  ,16.3800%
/home/ubuntu/ImageDB_400_200/TF_Level0_Level3_4/Level4_/15798_left. ,Level4  ,83.4700%,Level0  ,16.5300%
/home/ubuntu/ImageDB_400_200/TF_Level0_Level3_4/Level4_/16802_right. ,Level4  ,50.3400%,Level0  ,49.6600%
/home/ubuntu/ImageDB_400_200/TF_Level0_Level3_4/Level4_/13270_left. ,Level0  ,72.5200%,Level4  ,27.4800%
/home/ubuntu/ImageDB_400_200/TF_Level0_Level3_4/Level4_/10153_right. ,Level0  ,56.0700%,Level4  ,43.9300%
/home/ubuntu/ImageDB_400_200/TF_Level0_Level3_4/Level4_/17992_left. ,Level4  ,84.5900%,Level0  ,15.4100%
/home/ubuntu/ImageDB_400_200/TF_Level0_Level3_4/Level4_/18363_left. ,Level4  ,73.8700%,Level0  ,26.1300%
/home/ubuntu/ImageDB_400_200/TF_Level0_Level3_4/Level4_/10785_left. ,Level4  ,52.8200%,Level0  ,47.1800%
/home/ubuntu/ImageDB_400_200/TF_Level0_Level3_4/Level4_/12667_left. ,Level4  ,60.4100%,Level0  ,39.5900%
/home/ubuntu/ImageDB_400_200/TF_Level0_Level3_4/Level4_/16969_right. ,Level4  ,75.9500%,Level0  ,24.0500%
/home/ubuntu/ImageDB_400_200/TF_Level0_Level3_4/Level4_/14084_left. ,Level4  ,77.5300%,Level0  ,22.4700%
/home/ubuntu/ImageDB_400_200/TF_Level0_Level3_4/Level4_/11529_right. ,Level4  ,62.1500%,Level0  ,37.8500%
/home/ubuntu/ImageDB_400_200/TF_Level0_Level3_4/Level4_/13489_left. ,Level4  ,81.0100%,Level0  ,18.9900%
/home/ubuntu/ImageDB_400_200/TF_Level0_Level3_4/Level4_/15056_left. ,Level4  ,66.5200%,Level0  ,33.4800%
/home/ubuntu/ImageDB_400_200/TF_Level0_Level3_4/Level4_/15450_left. ,Level4  ,67.0200%,Level0  ,32.9800%
/home/ubuntu/ImageDB_400_200/TF_Level0_Level3_4/Level4_/1919_left. ,Level4  ,65.1500%,Level0  ,34.8500%
/home/ubuntu/ImageDB_400_200/TF_Level0_Level3_4/Level4_/10579_left. ,Level4  ,73.1800%,Level0  ,26.8200%
/home/ubuntu/ImageDB_400_200/TF_Level0_Level3_4/Level4_/15414_right. ,Level4  ,82.2200%,Level0  ,17.7800%
/home/ubuntu/ImageDB_400_200/TF_Level0_Level3_4/Level4_/1177_left. ,Level4  ,59.8100%,Level0  ,40.1900%
/home/ubuntu/ImageDB_400_200/TF_Level0_Level3_4/Level4_/17481_left. ,Level0  ,61.5500%,Level4  ,38.4500%
/home/ubuntu/ImageDB_400_200/TF_Level0_Level3_4/Level4_/17925_left. ,Level4  ,61.6300%,Level0  ,38.3700%
/home/ubuntu/ImageDB_400_200/TF_Level0_Level3_4/Level4_/1099_left. ,Level4  ,59.6500%,Level0  ,40.3500%
/home/ubuntu/ImageDB_400_200/TF_Level0_Level3_4/Level4_/11889_left. ,Level0  ,51.400%,Level4  ,48.600%
/home/ubuntu/ImageDB_400_200/TF_Level0_Level3_4/Level4_/17489_right. ,Level4  ,57.2500%,Level0  ,42.7500%
/home/ubuntu/ImageDB_400_200/TF_Level0_Level3_4/Level4_/11546_left. ,Level4  ,56.8700%,Level0  ,43.1300%
/home/ubuntu/ImageDB_400_200/TF_Level0_Level3_4/Level4_/18819_left. ,Level4  ,59.1400%,Level0  ,40.8600%
/home/ubuntu/ImageDB_400_200/TF_Level0_Level3_4/Level4_/12652_right. ,Level0  ,61.700%,Level4  ,38.300%
/home/ubuntu/ImageDB_400_200/TF_Level0_Level3_4/Level4_/163_left. ,Level0  ,56.3500%,Level4  ,43.6500%
/home/ubuntu/ImageDB_400_200/TF_Level0_Level3_4/Level4_/19285_right. ,Level4  ,69.4900%,Level0  ,30.5100%
/home/ubuntu/ImageDB_400_200/TF_Level0_Level3_4/Level4_/13190_left. ,Level0  ,57.5900%,Level4  ,42.4100%
/home/ubuntu/ImageDB_400_200/TF_Level0_Level3_4/Level4_/15257_left. ,Level4  ,84.6600%,Level0  ,15.3400%
/home/ubuntu/ImageDB_400_200/TF_Level0_Level3_4/Level4_/18798_left. ,Level4  ,54.8900%,Level0  ,45.1100%
/home/ubuntu/ImageDB_400_200/TF_Level0_Level3_4/Level4_/10153_left. ,Level4  ,70.7300%,Level0  ,29.2700%
/home/ubuntu/ImageDB_400_200/TF_Level0_Level3_4/Level4_/12861_left. ,Level4  ,60.5500%,Level0  ,39.4500%
/home/ubuntu/ImageDB_400_200/TF_Level0_Level3_4/Level4_/16412_left. ,Level4  ,82.3200%,Level0  ,17.6800%
/home/ubuntu/ImageDB_400_200/TF_Level0_Level3_4/Level4_/19110_right. ,Level4  ,85.5400%,Level0  ,14.4600%
/home/ubuntu/ImageDB_400_200/TF_Level0_Level3_4/Level4_/14224_left. ,Level4  ,83.3300%,Level0  ,16.6700%
/home/ubuntu/ImageDB_400_200/TF_Level0_Level3_4/Level4_/13222_right. ,Level4  ,69.200%,Level0  ,30.800%
/home/ubuntu/ImageDB_400_200/TF_Level0_Level3_4/Level4_/15941_left. ,Level4  ,66.7800%,Level0  ,33.2200%
/home/ubuntu/ImageDB_400_200/TF_Level0_Level3_4/Level4_/11896_right. ,Level4  ,90.5400%,Level0  ,9.4600%
/home/ubuntu/ImageDB_400_200/TF_Level0_Level3_4/Level4_/13022_right. ,Level4  ,80.0900%,Level0  ,19.9100%
/home/ubuntu/ImageDB_400_200/TF_Level0_Level3_4/Level4_/17843_left. ,Level4  ,62.200%,Level0  ,37.800%
/home/ubuntu/ImageDB_400_200/TF_Level0_Level3_4/Level4_/14436_right. ,Level4  ,52.500%,Level0  ,47.500%
/home/ubuntu/ImageDB_400_200/TF_Level0_Level3_4/Level4_/11854_right. ,Level4  ,52.4300%,Level0  ,47.5700%
/home/ubuntu/ImageDB_400_200/TF_Level0_Level3_4/Level4_/12881_right. ,Level4  ,61.2900%,Level0  ,38.7100%
/home/ubuntu/ImageDB_400_200/TF_Level0_Level3_4/Level4_/12279_right. ,Level4  ,75.6400%,Level0  ,24.3600%
/home/ubuntu/ImageDB_400_200/TF_Level0_Level3_4/Level4_/13819_left. ,Level4  ,56.5900%,Level0  ,43.4100%
/home/ubuntu/ImageDB_400_200/TF_Level0_Level3_4/Level4_/12419_left. ,Level4  ,83.200%,Level0  ,16.800%
/home/ubuntu/ImageDB_400_200/TF_Level0_Level3_4/Level4_/16_right. ,Level4  ,80.3700%,Level0  ,19.6300%
/home/ubuntu/ImageDB_400_200/TF_Level0_Level3_4/Level4_/14481_left. ,Level4  ,87.3100%,Level0  ,12.6900%
/home/ubuntu/ImageDB_400_200/TF_Level0_Level3_4/Level4_/13387_left. ,Level4  ,72.1300%,Level0  ,27.8700%
/home/ubuntu/ImageDB_400_200/TF_Level0_Level3_4/Level4_/15388_right. ,Level4  ,65.00%,Level0  ,35.00%
/home/ubuntu/ImageDB_400_200/TF_Level0_Level3_4/Level4_/16309_left. ,Level0  ,50.4100%,Level4  ,49.5900%
/home/ubuntu/ImageDB_400_200/TF_Level0_Level3_4/Level4_/17953_left. ,Level4  ,82.7900%,Level0  ,17.2100%
/home/ubuntu/ImageDB_400_200/TF_Level0_Level3_4/Level4_/15868_right. ,Level4  ,51.7800%,Level0  ,48.2200%
/home/ubuntu/ImageDB_400_200/TF_Level0_Level3_4/Level4_/16740_right. ,Level4  ,82.300%,Level0  ,17.700%
/home/ubuntu/ImageDB_400_200/TF_Level0_Level3_4/Level4_/17426_right. ,Level4  ,60.9600%,Level0  ,39.0400%
/home/ubuntu/ImageDB_400_200/TF_Level0_Level3_4/Level4_/14297_right. ,Level0  ,73.7400%,Level4  ,26.2600%
/home/ubuntu/ImageDB_400_200/TF_Level0_Level3_4/Level4_/15149_right. ,Level0  ,61.3200%,Level4  ,38.6800%
/home/ubuntu/ImageDB_400_200/TF_Level0_Level3_4/Level4_/1471_left. ,Level4  ,88.6400%,Level0  ,11.3600%
/home/ubuntu/ImageDB_400_200/TF_Level0_Level3_4/Level4_/10017_right. ,Level4  ,70.8500%,Level0  ,29.1500%
/home/ubuntu/ImageDB_400_200/TF_Level0_Level3_4/Level4_/12306_left. ,Level4  ,70.4900%,Level0  ,29.5100%
/home/ubuntu/ImageDB_400_200/TF_Level0_Level3_4/Level4_/18025_left. ,Level0  ,64.5400%,Level4  ,35.4600%
/home/ubuntu/ImageDB_400_200/TF_Level0_Level3_4/Level4_/12419_right. ,Level4  ,77.5600%,Level0  ,22.4400%
/home/ubuntu/ImageDB_400_200/TF_Level0_Level3_4/Level4_/13889_left. ,Level4  ,67.8100%,Level0  ,32.1900%
/home/ubuntu/ImageDB_400_200/TF_Level0_Level3_4/Level4_/1639_left. ,Level0  ,53.5700%,Level4  ,46.4300%
/home/ubuntu/ImageDB_400_200/TF_Level0_Level3_4/Level4_/13022_left. ,Level4  ,72.7500%,Level0  ,27.2500%
/home/ubuntu/ImageDB_400_200/TF_Level0_Level3_4/Level4_/13395_right. ,Level4  ,70.8700%,Level0  ,29.1300%
/home/ubuntu/ImageDB_400_200/TF_Level0_Level3_4/Level4_/16565_left. ,Level4  ,66.5600%,Level0  ,33.4400%
/home/ubuntu/ImageDB_400_200/TF_Level0_Level3_4/Level4_/12149_right. ,Level4  ,75.1600%,Level0  ,24.8400%
/home/ubuntu/ImageDB_400_200/TF_Level0_Level3_4/Level4_/14025_right. ,Level4  ,79.0100%,Level0  ,20.9900%
/home/ubuntu/ImageDB_400_200/TF_Level0_Level3_4/Level4_/15590_left. ,Level4  ,57.1600%,Level0  ,42.8400%
/home/ubuntu/ImageDB_400_200/TF_Level0_Level3_4/Level4_/17411_right. ,Level4  ,52.7500%,Level0  ,47.2500%
/home/ubuntu/ImageDB_400_200/TF_Level0_Level3_4/Level4_/16565_right. ,Level0  ,67.0500%,Level4  ,32.9500%
/home/ubuntu/ImageDB_400_200/TF_Level0_Level3_4/Level4_/11854_left. ,Level4  ,74.7600%,Level0  ,25.2400%
/home/ubuntu/ImageDB_400_200/TF_Level0_Level3_4/Level4_/163_right. ,Level0  ,64.3100%,Level4  ,35.6900%
/home/ubuntu/ImageDB_400_200/TF_Level0_Level3_4/Level4_/1002_left. ,Level4  ,76.1700%,Level0  ,23.8300%
/home/ubuntu/ImageDB_400_200/TF_Level0_Level3_4/Level4_/10159_right. ,Level4  ,81.3400%,Level0  ,18.6600%
/home/ubuntu/ImageDB_400_200/TF_Level0_Level3_4/Level4_/18025_right. ,Level0  ,58.6300%,Level4  ,41.3700%
/home/ubuntu/ImageDB_400_200/TF_Level0_Level3_4/Level4_/18450_left. ,Level4  ,73.6900%,Level0  ,26.3100%
/home/ubuntu/ImageDB_400_200/TF_Level0_Level3_4/Level4_/14340_left. ,Level4  ,94.3300%,Level0  ,5.6700%
/home/ubuntu/ImageDB_400_200/TF_Level0_Level3_4/Level4_/13811_right. ,Level4  ,61.00%,Level0  ,39.00%
/home/ubuntu/ImageDB_400_200/TF_Level0_Level3_4/Level4_/12612_left. ,Level0  ,60.3900%,Level4  ,39.6100%
/home/ubuntu/ImageDB_400_200/TF_Level0_Level3_4/Level4_/10312_left. ,Level4  ,75.5400%,Level0  ,24.4600%
/home/ubuntu/ImageDB_400_200/TF_Level0_Level3_4/Level4_/11211_left. ,Level4  ,52.1700%,Level0  ,47.8300%
/home/ubuntu/ImageDB_400_200/TF_Level0_Level3_4/Level4_/17453_left. ,Level4  ,76.4500%,Level0  ,23.5500%
/home/ubuntu/ImageDB_400_200/TF_Level0_Level3_4/Level4_/1162_right. ,Level0  ,58.4600%,Level4  ,41.5400%
/home/ubuntu/ImageDB_400_200/TF_Level0_Level3_4/Level4_/15038_left. ,Level4  ,65.4700%,Level0  ,34.5300%
/home/ubuntu/ImageDB_400_200/TF_Level0_Level3_4/Level4_/1177_right. ,Level4  ,52.7500%,Level0  ,47.2500%
/home/ubuntu/ImageDB_400_200/TF_Level0_Level3_4/Level4_/10125_right. ,Level4  ,50.5200%,Level0  ,49.4800%
/home/ubuntu/ImageDB_400_200/TF_Level0_Level3_4/Level4_/13999_left. ,Level0  ,68.5800%,Level4  ,31.4200%
/home/ubuntu/ImageDB_400_200/TF_Level0_Level3_4/Level4_/14109_left. ,Level0  ,52.5700%,Level4  ,47.4300%
/home/ubuntu/ImageDB_400_200/TF_Level0_Level3_4/Level4_/16633_right. ,Level0  ,54.00%,Level4  ,46.00%
/home/ubuntu/ImageDB_400_200/TF_Level0_Level3_4/Level4_/13066_right. ,Level4  ,81.0600%,Level0  ,18.9400%
/home/ubuntu/ImageDB_400_200/TF_Level0_Level3_4/Level4_/16624_right. ,Level4  ,87.2500%,Level0  ,12.7500%
/home/ubuntu/ImageDB_400_200/TF_Level0_Level3_4/Level4_/18902_left. ,Level0  ,62.8100%,Level4  ,37.1900%
/home/ubuntu/ImageDB_400_200/TF_Level0_Level3_4/Level4_/17135_left. ,Level4  ,64.9400%,Level0  ,35.0600%
/home/ubuntu/ImageDB_400_200/TF_Level0_Level3_4/Level4_/11069_right. ,Level4  ,83.7700%,Level0  ,16.2300%
/home/ubuntu/ImageDB_400_200/TF_Level0_Level3_4/Level4_/1162_left. ,Level0  ,63.500%,Level4  ,36.500%
/home/ubuntu/ImageDB_400_200/TF_Level0_Level3_4/Level4_/14340_right. ,Level4  ,92.7600%,Level0  ,7.2400%
/home/ubuntu/ImageDB_400_200/TF_Level0_Level3_4/Level4_/10819_left. ,Level0  ,58.5500%,Level4  ,41.4500%
/home/ubuntu/ImageDB_400_200/TF_Level0_Level3_4/Level4_/18370_left. ,Level4  ,79.9300%,Level0  ,20.0700%
/home/ubuntu/ImageDB_400_200/TF_Level0_Level3_4/Level4_/17940_left. ,Level4  ,51.4800%,Level0  ,48.5200%
/home/ubuntu/ImageDB_400_200/TF_Level0_Level3_4/Level4_/11035_right. ,Level4  ,82.4700%,Level0  ,17.5300%
/home/ubuntu/ImageDB_400_200/TF_Level0_Level3_4/Level4_/16011_left. ,Level4  ,70.400%,Level0  ,29.600%
/home/ubuntu/ImageDB_400_200/TF_Level0_Level3_4/Level4_/15870_right. ,Level0  ,57.4500%,Level4  ,42.5500%
/home/ubuntu/ImageDB_400_200/TF_Level0_Level3_4/Level4_/1138_left. ,Level4  ,54.8400%,Level0  ,45.1600%
/home/ubuntu/ImageDB_400_200/TF_Level0_Level3_4/Level4_/17972_left. ,Level0  ,50.3200%,Level4  ,49.6800%
/home/ubuntu/ImageDB_400_200/TF_Level0_Level3_4/Level4_/14297_left. ,Level0  ,73.6200%,Level4  ,26.3800%
/home/ubuntu/ImageDB_400_200/TF_Level0_Level3_4/Level4_/16392_right. ,Level4  ,82.1700%,Level0  ,17.8300%
/home/ubuntu/ImageDB_400_200/TF_Level0_Level3_4/Level4_/11807_left. ,Level4  ,86.8600%,Level0  ,13.1400%
/home/ubuntu/ImageDB_400_200/TF_Level0_Level3_4/Level4_/19347_left. ,Level4  ,76.9500%,Level0  ,23.0500%
/home/ubuntu/ImageDB_400_200/TF_Level0_Level3_4/Level4_/17114_left. ,Level4  ,75.9200%,Level0  ,24.0800%
/home/ubuntu/ImageDB_400_200/TF_Level0_Level3_4/Level4_/13669_left. ,Level4  ,55.5600%,Level0  ,44.4400%
/home/ubuntu/ImageDB_400_200/TF_Level0_Level3_4/Level4_/10653_right. ,Level4  ,88.7800%,Level0  ,11.2200%
/home/ubuntu/ImageDB_400_200/TF_Level0_Level3_4/Level4_/15590_right. ,Level4  ,70.6600%,Level0  ,29.3400%
/home/ubuntu/ImageDB_400_200/TF_Level0_Level3_4/Level4_/16025_left. ,Level4  ,77.4200%,Level0  ,22.5800%
/home/ubuntu/ImageDB_400_200/TF_Level0_Level3_4/Level4_/18235_right. ,Level4  ,64.8300%,Level0  ,35.1700%
/home/ubuntu/ImageDB_400_200/TF_Level0_Level3_4/Level4_/11142_left. ,Level4  ,81.9500%,Level0  ,18.0500%
/home/ubuntu/ImageDB_400_200/TF_Level0_Level3_4/Level4_/13889_right. ,Level4  ,69.1900%,Level0  ,30.8100%
/home/ubuntu/ImageDB_400_200/TF_Level0_Level3_4/Level4_/18350_right. ,Level4  ,56.900%,Level0  ,43.100%
/home/ubuntu/ImageDB_400_200/TF_Level0_Level3_4/Level4_/17481_right. ,Level4  ,83.5200%,Level0  ,16.4800%
/home/ubuntu/ImageDB_400_200/TF_Level0_Level3_4/Level4_/17586_right. ,Level4  ,82.600%,Level0  ,17.400%
/home/ubuntu/ImageDB_400_200/TF_Level0_Level3_4/Level4_/11858_left. ,Level0  ,67.5500%,Level4  ,32.4500%
/home/ubuntu/ImageDB_400_200/TF_Level0_Level3_4/Level4_/17135_right. ,Level0  ,57.2200%,Level4  ,42.7800%
/home/ubuntu/ImageDB_400_200/TF_Level0_Level3_4/Level4_/16759_left. ,Level0  ,67.9300%,Level4  ,32.0700%
/home/ubuntu/ImageDB_400_200/TF_Level0_Level3_4/Level4_/11219_right. ,Level0  ,57.8200%,Level4  ,42.1800%
/home/ubuntu/ImageDB_400_200/TF_Level0_Level3_4/Level4_/17221_left. ,Level0  ,57.7300%,Level4  ,42.2700%
/home/ubuntu/ImageDB_400_200/TF_Level0_Level3_4/Level4_/11125_right. ,Level4  ,80.3700%,Level0  ,19.6300%
/home/ubuntu/ImageDB_400_200/TF_Level0_Level3_4/Level4_/15388_left. ,Level4  ,87.5500%,Level0  ,12.4500%
/home/ubuntu/ImageDB_400_200/TF_Level0_Level3_4/Level4_/1663_left. ,Level4  ,82.4200%,Level0  ,17.5800%
/home/ubuntu/ImageDB_400_200/TF_Level0_Level3_4/Level4_/18143_right. ,Level4  ,90.7600%,Level0  ,9.2400%
/home/ubuntu/ImageDB_400_200/TF_Level0_Level3_4/Level4_/1430_right. ,Level4  ,56.8700%,Level0  ,43.1300%
/home/ubuntu/ImageDB_400_200/TF_Level0_Level3_4/Level4_/15795_right. ,Level4  ,82.7900%,Level0  ,17.2100%
/home/ubuntu/ImageDB_400_200/TF_Level0_Level3_4/Level4_/14976_right. ,Level4  ,52.2900%,Level0  ,47.7100%
/home/ubuntu/ImageDB_400_200/TF_Level0_Level3_4/Level4_/15798_right. ,Level4  ,78.0700%,Level0  ,21.9300%
/home/ubuntu/ImageDB_400_200/TF_Level0_Level3_4/Level4_/13190_right. ,Level4  ,55.2900%,Level0  ,44.7100%
/home/ubuntu/ImageDB_400_200/TF_Level0_Level3_4/Level4_/12000_left. ,Level4  ,79.6900%,Level0  ,20.3100%
/home/ubuntu/ImageDB_400_200/TF_Level0_Level3_4/Level4_/16936_right. ,Level4  ,72.3300%,Level0  ,27.6700%
/home/ubuntu/ImageDB_400_200/TF_Level0_Level3_4/Level4_/16413_right. ,Level4  ,76.3400%,Level0  ,23.6600%
/home/ubuntu/ImageDB_400_200/TF_Level0_Level3_4/Level4_/16309_right. ,Level0  ,53.5400%,Level4  ,46.4600%
/home/ubuntu/ImageDB_400_200/TF_Level0_Level3_4/Level4_/16412_right. ,Level4  ,78.7300%,Level0  ,21.2700%
/home/ubuntu/ImageDB_400_200/TF_Level0_Level3_4/Level4_/19347_right. ,Level4  ,59.2600%,Level0  ,40.7400%
/home/ubuntu/ImageDB_400_200/TF_Level0_Level3_4/Level4_/19061_right. ,Level0  ,50.3600%,Level4  ,49.6400%
/home/ubuntu/ImageDB_400_200/TF_Level0_Level3_4/Level4_/16969_left. ,Level4  ,79.5700%,Level0  ,20.4300%
/home/ubuntu/ImageDB_400_200/TF_Level0_Level3_4/Level4_/14495_right. ,Level4  ,58.0500%,Level0  ,41.9500%
/home/ubuntu/ImageDB_400_200/TF_Level0_Level3_4/Level4_/1350_right. ,Level4  ,68.0800%,Level0  ,31.9200%
/home/ubuntu/ImageDB_400_200/TF_Level0_Level3_4/Level4_/18046_right. ,Level4  ,83.6900%,Level0  ,16.3100%
/home/ubuntu/ImageDB_400_200/TF_Level0_Level3_4/Level4_/1084_left. ,Level4  ,50.5200%,Level0  ,49.4800%
/home/ubuntu/ImageDB_400_200/TF_Level0_Level3_4/Level4_/16114_right. ,Level4  ,65.0700%,Level0  ,34.9300%
/home/ubuntu/ImageDB_400_200/TF_Level0_Level3_4/Level4_/12652_left. ,Level0  ,62.2300%,Level4  ,37.7700%
/home/ubuntu/ImageDB_400_200/TF_Level0_Level3_4/Level4_/13716_left. ,Level0  ,50.100%,Level4  ,49.900%
/home/ubuntu/ImageDB_400_200/TF_Level0_Level3_4/Level4_/16740_left. ,Level4  ,76.900%,Level0  ,23.100%
/home/ubuntu/ImageDB_400_200/TF_Level0_Level3_4/Level4_/11492_left. ,Level4  ,74.0100%,Level0  ,25.9900%
/home/ubuntu/ImageDB_400_200/TF_Level0_Level3_4/Level4_/11196_right. ,Level0  ,62.1600%,Level4  ,37.8400%
/home/ubuntu/ImageDB_400_200/TF_Level0_Level3_4/Level4_/13934_right. ,Level4  ,84.8400%,Level0  ,15.1600%
/home/ubuntu/ImageDB_400_200/TF_Level0_Level3_4/Level4_/18567_right. ,Level4  ,51.4700%,Level0  ,48.5300%
/home/ubuntu/ImageDB_400_200/TF_Level0_Level3_4/Level4_/1420_left. ,Level4  ,88.500%,Level0  ,11.500%
/home/ubuntu/ImageDB_400_200/TF_Level0_Level3_4/Level4_/16413_left. ,Level4  ,75.6700%,Level0  ,24.3300%
/home/ubuntu/ImageDB_400_200/TF_Level0_Level3_4/Level4_/14482_left. ,Level4  ,68.9400%,Level0  ,31.0600%
/home/ubuntu/ImageDB_400_200/TF_Level0_Level3_4/Level4_/1196_left. ,Level4  ,56.8400%,Level0  ,43.1600%
/home/ubuntu/ImageDB_400_200/TF_Level0_Level3_4/Level4_/11874_left. ,Level4  ,69.3800%,Level0  ,30.6200%
/home/ubuntu/ImageDB_400_200/TF_Level0_Level3_4/Level4_/14482_right. ,Level4  ,72.9300%,Level0  ,27.0700%
/home/ubuntu/ImageDB_400_200/TF_Level0_Level3_4/Level4_/13651_right. ,Level0  ,54.7500%,Level4  ,45.2500%
/home/ubuntu/ImageDB_400_200/TF_Level0_Level3_4/Level4_/15319_left. ,Level4  ,70.2600%,Level0  ,29.7400%
/home/ubuntu/ImageDB_400_200/TF_Level0_Level3_4/Level4_/11206_right. ,Level4  ,79.8600%,Level0  ,20.1400%
/home/ubuntu/ImageDB_400_200/TF_Level0_Level3_4/Level4_/10904_left. ,Level4  ,60.1400%,Level0  ,39.8600%
/home/ubuntu/ImageDB_400_200/TF_Level0_Level3_4/Level4_/1008_right. ,Level0  ,71.7300%,Level4  ,28.2700%
/home/ubuntu/ImageDB_400_200/TF_Level0_Level3_4/Level4_/11417_right. ,Level4  ,64.3200%,Level0  ,35.6800%
/home/ubuntu/ImageDB_400_200/TF_Level0_Level3_4/Level4_/12881_left. ,Level4  ,61.900%,Level0  ,38.100%
/home/ubuntu/ImageDB_400_200/TF_Level0_Level3_4/Level4_/11032_left. ,Level4  ,83.2300%,Level0  ,16.7700%
/home/ubuntu/ImageDB_400_200/TF_Level0_Level3_4/Level4_/12490_right. ,Level4  ,70.6400%,Level0  ,29.3600%
/home/ubuntu/ImageDB_400_200/TF_Level0_Level3_4/Level4_/10904_right. ,Level4  ,60.8100%,Level0  ,39.1900%
/home/ubuntu/ImageDB_400_200/TF_Level0_Level3_4/Level4_/14020_left. ,Level4  ,85.4600%,Level0  ,14.5400%
/home/ubuntu/ImageDB_400_200/TF_Level0_Level3_4/Level4_/15975_right. ,Level4  ,81.2200%,Level0  ,18.7800%
/home/ubuntu/ImageDB_400_200/TF_Level0_Level3_4/Level4_/17453_right. ,Level4  ,62.7500%,Level0  ,37.2500%
/home/ubuntu/ImageDB_400_200/TF_Level0_Level3_4/Level4_/17749_left. ,Level4  ,86.8600%,Level0  ,13.1400%
/home/ubuntu/ImageDB_400_200/TF_Level0_Level3_4/Level4_/14129_right. ,Level4  ,64.1600%,Level0  ,35.8400%
/home/ubuntu/ImageDB_400_200/TF_Level0_Level3_4/Level4_/1008_left. ,Level4  ,65.600%,Level0  ,34.400%
/home/ubuntu/ImageDB_400_200/TF_Level0_Level3_4/Level4_/11031_right. ,Level0  ,63.5500%,Level4  ,36.4500%
/home/ubuntu/ImageDB_400_200/TF_Level0_Level3_4/Level4_/15795_left. ,Level4  ,54.3100%,Level0  ,45.6900%
/home/ubuntu/ImageDB_400_200/TF_Level0_Level3_4/Level4_/1471_right. ,Level4  ,80.3400%,Level0  ,19.6600%
/home/ubuntu/ImageDB_400_200/TF_Level0_Level3_4/Level4_/13811_left. ,Level0  ,51.2900%,Level4  ,48.7100%
/home/ubuntu/ImageDB_400_200/TF_Level0_Level3_4/Level4_/11267_right. ,Level4  ,84.7400%,Level0  ,15.2600%
/home/ubuntu/ImageDB_400_200/TF_Level0_Level3_4/Level4_/13819_right. ,Level0  ,58.9100%,Level4  ,41.0900%
/home/ubuntu/ImageDB_400_200/TF_Level0_Level3_4/Level4_/15954_left. ,Level4  ,63.100%,Level0  ,36.900%
/home/ubuntu/ImageDB_400_200/TF_Level0_Level3_4/Level4_/17749_right. ,Level4  ,86.4600%,Level0  ,13.5400%
/home/ubuntu/ImageDB_400_200/TF_Level0_Level3_4/Level4_/18235_left. ,Level4  ,71.8700%,Level0  ,28.1300%
/home/ubuntu/ImageDB_400_200/TF_Level0_Level3_4/Level4_/11889_right. ,Level0  ,64.9200%,Level4  ,35.0800%
/home/ubuntu/ImageDB_400_200/TF_Level0_Level3_4/Level4_/18030_right. ,Level4  ,76.7600%,Level0  ,23.2400%
/home/ubuntu/ImageDB_400_200/TF_Level0_Level3_4/Level4_/1391_left. ,Level4  ,79.500%,Level0  ,20.500%
/home/ubuntu/ImageDB_400_200/TF_Level0_Level3_4/Level4_/17221_right. ,Level4  ,57.6300%,Level0  ,42.3700%
/home/ubuntu/ImageDB_400_200/TF_Level0_Level3_4/Level4_/15149_left. ,Level4  ,63.0100%,Level0  ,36.9900%
/home/ubuntu/ImageDB_400_200/TF_Level0_Level3_4/Level4_/1639_right. ,Level0  ,59.6900%,Level4  ,40.3100%
/home/ubuntu/ImageDB_400_200/TF_Level0_Level3_4/Level4_/18046_left. ,Level4  ,82.800%,Level0  ,17.200%
/home/ubuntu/ImageDB_400_200/TF_Level0_Level3_4/Level4_/1099_right. ,Level4  ,64.3100%,Level0  ,35.6900%
/home/ubuntu/ImageDB_400_200/TF_Level0_Level3_4/Level4_/13395_left. ,Level4  ,53.7200%,Level0  ,46.2800%
/home/ubuntu/ImageDB_400_200/TF_Level0_Level3_4/Level4_/16802_left. ,Level0  ,69.6800%,Level4  ,30.3200%
/home/ubuntu/ImageDB_400_200/TF_Level0_Level3_4/Level4_/14844_right. ,Level4  ,65.8300%,Level0  ,34.1700%
/home/ubuntu/ImageDB_400_200/TF_Level0_Level3_4/Level4_/17899_left. ,Level4  ,82.8900%,Level0  ,17.1100%
/home/ubuntu/ImageDB_400_200/TF_Level0_Level3_4/Level4_/12612_right. ,Level0  ,61.6300%,Level4  ,38.3700%
/home/ubuntu/ImageDB_400_200/TF_Level0_Level3_4/Level4_/16651_left. ,Level4  ,83.2400%,Level0  ,16.7600%
/home/ubuntu/ImageDB_400_200/TF_Level0_Level3_4/Level4_/10954_right. ,Level0  ,52.6400%,Level4  ,47.3600%
/home/ubuntu/ImageDB_400_200/TF_Level0_Level3_4/Level4_/17953_right. ,Level4  ,82.6600%,Level0  ,17.3400%
/home/ubuntu/ImageDB_400_200/TF_Level0_Level3_4/Level4_/11874_right. ,Level4  ,81.5100%,Level0  ,18.4900%
/home/ubuntu/ImageDB_400_200/TF_Level0_Level3_4/Level4_/11147_right. ,Level4  ,83.5200%,Level0  ,16.4800%
/home/ubuntu/ImageDB_400_200/TF_Level0_Level3_4/Level4_/19110_left. ,Level4  ,83.9300%,Level0  ,16.0700%
/home/ubuntu/ImageDB_400_200/TF_Level0_Level3_4/Level4_/13038_right. ,Level0  ,56.2100%,Level4  ,43.7900%
/home/ubuntu/ImageDB_400_200/TF_Level0_Level3_4/Level4_/12861_right. ,Level4  ,68.6700%,Level0  ,31.3300%
/home/ubuntu/ImageDB_400_200/TF_Level0_Level3_4/Level4_/15459_left. ,Level4  ,82.6500%,Level0  ,17.3500%
/home/ubuntu/ImageDB_400_200/TF_Level0_Level3_4/Level4_/14109_right. ,Level0  ,54.7700%,Level4  ,45.2300%
/home/ubuntu/ImageDB_400_200/TF_Level0_Level3_4/Level4_/10570_left. ,Level4  ,73.4200%,Level0  ,26.5800%
/home/ubuntu/ImageDB_400_200/TF_Level0_Level3_4/Level4_/1138_right. ,Level4  ,61.7800%,Level0  ,38.2200%
/home/ubuntu/ImageDB_400_200/TF_Level0_Level3_4/Level4_/11142_right. ,Level4  ,56.5900%,Level0  ,43.4100%
/home/ubuntu/ImageDB_400_200/TF_Level0_Level3_4/Level4_/18567_left. ,Level4  ,67.9900%,Level0  ,32.0100%
/home/ubuntu/ImageDB_400_200/TF_Level0_Level3_4/Level4_/11896_left. ,Level4  ,90.6900%,Level0  ,9.3100%
/home/ubuntu/ImageDB_400_200/TF_Level0_Level3_4/Level4_/11267_left. ,Level4  ,79.5100%,Level0  ,20.4900%
/home/ubuntu/ImageDB_400_200/TF_Level0_Level3_4/Level4_/15376_right. ,Level4  ,68.4300%,Level0  ,31.5700%
/home/ubuntu/ImageDB_400_200/TF_Level0_Level3_4/Level4_/14129_left. ,Level0  ,67.3500%,Level4  ,32.6500%
/home/ubuntu/ImageDB_400_200/TF_Level0_Level3_4/Level4_/14849_right. ,Level4  ,63.8200%,Level0  ,36.1800%
/home/ubuntu/ImageDB_400_200/TF_Level0_Level3_4/Level4_/16718_right. ,Level4  ,62.4400%,Level0  ,37.5600%